Country Name,E-Government Rank 2005,E-Government Index 2005,E-Participation Index 2005,Online Service Index 2005,Human Capital Index 2005,Telecommunication Infrastructure Index 2005,E-Government Rank 2008,E-Government Index 2008,E-Participation Index 2008,Online Service Index 2008,Human Capital Index 2008,Telecommunication Infrastructure Index 2008,E-Government Rank 2010,E-Government Index 2010,E-Participation Index 2010,Online Service Index 2010,Human Capital Index 2010,Telecommunication Infrastructure Index 2010,E-Government Rank 2012,E-Government Index 2012,E-Participation Index 2012,Online Service Index 2012,Human Capital Index 2012,Telecommunication Infrastructure Index 2012,E-Government Rank 2014,E-Government Index 2014,E-Participation Index 2014,Online Service Index 2014,Human Capital Index 2014,Telecommunication Infrastructure Index 2014,E-Government Rank 2016,E-Government Index 2016,E-Participation Index 2016,Online Service Index 2016,Human Capital Index 2016,Telecommunication Infrastructure Index 2016,E-Government Rank 2018,E-Government Index 2018,E-Participation Index 2018,Online Service Index 2018,Human Capital Index 2018,Telecommunication Infrastructure Index 2018,E-Government Rank 2020,E-Government Index 2020,E-Participation Index 2020,Online Service Index 2020,Human Capital Index 2020,Telecommunication Infrastructure Index 2020,E-Government Rank 2022,E-Government Index 2022,E-Participation Index 2022,Online Service Index 2022,Human Capital Index 2022,Telecommunication Infrastructure Index 2022,E-Government Rank 2024,E-Government Index 2024,E-Participation Index 2024,Online Service Index 2024,Human Capital Index 2024,Telecommunication Infrastructure Index 2024
Iraq ,118.0,0.3334,0.0,0.05384,0.93,0.01636,151.0,0.269,0.20454,0.10702,0.6922,0.01274,136.0,0.29957,0.04285,0.15238,0.69556,0.05522,137,0.34093,0.1053,0.28758,0.61509,0.12014,134,0.31414,0.13725,0.19685,0.5283,0.21727,141,0.33335,0.42373,0.35507,0.4803,0.16468,155,0.3376,0.3371,0.3194,0.5094,0.184,143,0.436,0.3095,0.3353,0.4358,0.537,146,0.4383,0.2159,0.206,0.5888,0.5201,148,0.45721,0.0959,0.18755,0.49672,0.68736
Ireland ,20.0,0.72508,0.19047,0.71153,0.96,0.50371,19.0,0.7296,0.25,0.67558,0.99315,0.5217,21.0,0.68655,0.44285,0.49841,0.9931,0.57386,34,0.71492,0.1316,0.53594,0.9535,0.65533,22,0.781,0.64705,0.67716,0.9619,0.70391,26,0.76888,0.71186,0.72464,0.92185,0.66015,22,0.8287,0.9326,0.8264,0.9626,0.697,27,0.8433,0.8571,0.7706,0.9494,0.81,30,0.8567,0.6818,0.7796,0.9618,0.8287,20,0.91377,0.9178,0.87678,0.9046,0.95987
Israel ,24.0,0.69033,0.31746,0.73076,0.94,0.40023,17.0,0.7393,0.31818,0.66555,0.94605,0.60854,26.0,0.65517,0.41428,0.58412,0.95016,0.43337,16,0.81001,0.8947,0.84967,0.89446,0.68591,17,0.81615,0.86274,0.87401,0.8545,0.71998,20,0.78056,0.83051,0.86232,0.86189,0.61748,31,0.7998,0.8315,0.8264,0.8635,0.7095,30,0.8361,0.7143,0.7471,0.8924,0.8689,16,0.8885,0.7159,0.8745,0.8994,0.8915,23,0.90143,0.6986,0.85412,0.8739,0.97633
Italy ,25.0,0.67939,0.23809,0.62692,0.93,0.48124,27.0,0.668,0.22727,0.5117,0.95824,0.53891,38.0,0.57995,0.21428,0.28888,0.96836,0.49143,32,0.71895,0.2632,0.57516,0.91203,0.66966,23,0.7593,0.78431,0.74803,0.8552,0.67473,22,0.77636,0.91525,0.86957,0.81261,0.64691,24,0.8209,0.9551,0.9514,0.8341,0.6771,37,0.8231,0.8214,0.8294,0.8466,0.7932,37,0.8375,0.7273,0.8659,0.8606,0.786,51,0.83557,0.6575,0.76239,0.84262,0.90167
Jamaica ,59.0,0.50641,0.09523,0.48846,0.83,0.20078,85.0,0.4679,0.11363,0.32107,0.79243,0.29451,89.0,0.44666,0.08571,0.22857,0.83606,0.28195,108,0.45516,0.0,0.30718,0.79155,0.26675,109,0.43882,0.19607,0.31496,0.7262,0.27533,112,0.4534,0.27119,0.35507,0.68587,0.31926,118,0.4697,0.3146,0.3194,0.6957,0.3941,114,0.5392,0.369,0.3882,0.7142,0.5151,102,0.5906,0.2841,0.4914,0.7148,0.5658,96,0.66777,0.4384,0.56772,0.706,0.72963
Japan ,14.0,0.78013,0.46031,0.81538,0.94,0.585,11.0,0.7703,0.61363,0.74247,0.94618,0.62319,17.0,0.71517,0.75714,0.67301,0.9496,0.52417,18,0.80187,0.7368,0.86274,0.89689,0.64599,6,0.88744,0.96078,0.94488,0.8621,0.85533,11,0.84397,0.98305,0.87681,0.82738,0.82771,10,0.8783,0.9831,0.9514,0.8428,0.8406,14,0.8989,0.9881,0.9059,0.8684,0.9223,14,0.9002,1.0,0.9094,0.8765,0.9147,13,0.9351,0.9863,0.94274,0.9117,0.95091
Jordan ,68.0,0.46392,0.04761,0.43461,0.86,0.09714,50.0,0.548,0.54545,0.60535,0.8677,0.16933,51.0,0.52784,0.28571,0.53333,0.8694,0.18063,98,0.48838,0.1053,0.39215,0.80133,0.27165,79,0.51674,0.47058,0.51968,0.7202,0.31035,91,0.51226,0.45763,0.45652,0.73442,0.34584,98,0.5575,0.4831,0.4931,0.7387,0.4406,117,0.5309,0.3333,0.3588,0.68,0.554,100,0.6081,0.5455,0.6594,0.6967,0.4681,89,0.68493,0.6164,0.75905,0.64579,0.64992
Kazakhstan ,65.0,0.48125,0.20634,0.45,0.93,0.06377,81.0,0.4743,0.0909,0.32107,0.97588,0.13062,46.0,0.55782,0.55714,0.52698,0.96773,0.17969,38,0.68438,0.9474,0.78431,0.91337,0.35546,28,0.72827,0.7647,0.74803,0.8619,0.57488,33,0.72499,0.59322,0.76812,0.8401,0.56677,39,0.7597,0.8371,0.8681,0.8388,0.5723,29,0.8375,0.881,0.9235,0.8866,0.7024,28,0.8628,0.8068,0.9344,0.9021,0.752,24,0.90093,0.8493,0.93903,0.84029,0.92353
Kenya ,122.0,0.32981,0.03174,0.23076,0.74,0.01866,122.0,0.3474,0.04545,0.30434,0.69263,0.04647,124.0,0.33384,0.22857,0.23809,0.70266,0.06368,119,0.42117,0.0526,0.43137,0.71093,0.12122,119,0.38054,0.64705,0.42519,0.5552,0.1612,119,0.41855,0.52542,0.55797,0.51688,0.18081,122,0.4541,0.5337,0.625,0.5472,0.1901,116,0.5326,0.5952,0.6765,0.5812,0.3402,113,0.5589,0.5795,0.6821,0.5641,0.4305,109,0.6314,0.5205,0.77704,0.52711,0.59015
Kiribati ,180.0,0.0,0.0,0.0,0.0,0.02532,183.0,0.0,0.02272,0.06688,0.0,0.01813,184.0,0.0,0.01428,0.02857,0.0,0.01482,149,0.29977,0.0263,0.06535,0.7871,0.04686,132,0.3201,0.29411,0.21259,0.6812,0.06654,145,0.31219,0.25424,0.21014,0.65994,0.06649,153,0.345,0.2528,0.2986,0.6591,0.0773,145,0.432,0.5595,0.4941,0.6778,0.1241,148,0.4334,0.2955,0.3686,0.6785,0.253,147,0.45723,0.3288,0.39035,0.6269,0.35438
Kuwait ,75.0,0.44312,0.0,0.25,0.81,0.26936,57.0,0.5202,0.06818,0.41471,0.87139,0.27769,50.0,0.52901,0.22857,0.46031,0.8764,0.25239,63,0.59602,0.1842,0.58169,0.78851,0.41787,49,0.6268,0.43137,0.5748,0.7194,0.5862,40,0.70795,0.64407,0.65217,0.72873,0.74295,41,0.7388,0.691,0.7917,0.6852,0.7394,46,0.7913,0.9048,0.8412,0.747,0.7858,61,0.7484,0.5455,0.6973,0.7706,0.7774,66,0.7812,0.3014,0.63655,0.7083,0.99883
Kyrgyzstan ,76.0,0.44171,0.15873,0.36538,0.92,0.03977,102.0,0.4195,0.13636,0.29765,0.91709,0.04746,91.0,0.44168,0.42857,0.31746,0.9196,0.09175,99,0.4879,0.2895,0.42483,0.84852,0.19034,101,0.46568,0.41176,0.27559,0.7413,0.38013,97,0.49686,0.59322,0.42754,0.75079,0.31225,91,0.5835,0.6854,0.6458,0.7628,0.3418,83,0.6749,0.7143,0.6471,0.7873,0.5902,81,0.6977,0.5,0.6176,0.8119,0.6637,78,0.7316,0.4658,0.60723,0.7061,0.88154
Lao People's Democratic Republic ,147.0,0.24208,0.0,0.07884,0.64,0.00741,156.0,0.2383,0.0,0.03678,0.66321,0.02092,151.0,0.26371,0.12857,0.07936,0.68446,0.03291,153,0.2935,0.0,0.21568,0.56505,0.09976,152,0.26588,0.19607,0.14173,0.4941,0.16177,148,0.309,0.27119,0.28261,0.49072,0.15366,162,0.3056,0.1742,0.1667,0.5254,0.2246,167,0.3288,0.2143,0.1941,0.5539,0.2383,159,0.3764,0.2614,0.3005,0.5468,0.282,152,0.44038,0.2877,0.32648,0.46084,0.53382
Latvia ,32.0,0.60504,0.1746,0.48461,0.95,0.38052,36.0,0.5944,0.22727,0.44816,0.9654,0.37406,37.0,0.58261,0.27142,0.41587,0.9608,0.37621,42,0.6604,0.2105,0.58823,0.88787,0.50509,31,0.71775,0.70588,0.70078,0.8288,0.62367,45,0.681,0.52542,0.6087,0.8512,0.58311,57,0.6996,0.6854,0.6667,0.8132,0.6188,49,0.7798,0.5833,0.5824,0.9172,0.8399,29,0.8599,0.7386,0.8135,0.9284,0.8378,29,0.88522,0.7808,0.80915,0.88047,0.96597
Lebanon ,71.0,0.456,0.11111,0.3423,0.84,0.1857,74.0,0.484,0.40909,0.3913,0.87058,0.19298,93.0,0.43875,0.27142,0.26666,0.85833,0.19646,87,0.51388,0.3158,0.47712,0.7917,0.27281,89,0.49823,0.29411,0.35433,0.7374,0.40298,73,0.5646,0.49153,0.51449,0.68816,0.49114,99,0.553,0.4438,0.4722,0.6649,0.5219,127,0.4955,0.3333,0.4176,0.6567,0.4123,122,0.5273,0.3977,0.4257,0.6656,0.4907,126,0.5449,0.4658,0.44894,0.54329,0.64246
Lesotho ,114.0,0.33731,0.01587,0.23846,0.76,0.01347,114.0,0.3805,0.0909,0.34448,0.76816,0.02994,121.0,0.35123,0.08571,0.26349,0.75286,0.03999,136,0.35006,0.0263,0.30065,0.69965,0.0499,153,0.26294,0.13725,0.15748,0.5135,0.11785,154,0.27702,0.11864,0.13768,0.51469,0.17867,167,0.2968,0.0787,0.1111,0.5324,0.2468,135,0.4593,0.3452,0.3529,0.5753,0.4497,145,0.4414,0.3068,0.3456,0.595,0.3836,157,0.41229,0.2055,0.28637,0.48617,0.46427
Liberia ,180.0,0.0,0.0,0.0,0.0,0.00319,163.0,0.217,0.06818,0.11036,0.53764,0.00634,166.0,0.21333,0.02857,0.06349,0.56213,0.01892,169,0.24073,0.0263,0.18954,0.48494,0.04772,179,0.17682,0.11764,0.07874,0.3754,0.0763,170,0.23378,0.28814,0.23913,0.35813,0.10408,173,0.2737,0.427,0.3403,0.3772,0.1036,182,0.2605,0.2381,0.2471,0.3933,0.1411,177,0.2905,0.2955,0.3417,0.4184,0.1115,182,0.25133,0.1644,0.26335,0.3669,0.12379
Libya,180.0,0.0,0.0,0.0,0.87,0.05731,120.0,0.3546,0.20454,0.08026,0.87487,0.11702,114.0,0.37985,0.17142,0.1365,0.89786,0.11255,191,0.0,0.0,0.0,0.85018,0.37433,121,0.3753,0.05882,0.01574,0.7821,0.32809,118,0.4322,0.10169,0.1087,0.75878,0.42912,140,0.3833,0.1236,0.0972,0.7173,0.3353,162,0.3743,0.0357,0.0412,0.7357,0.3459,169,0.3375,0.0341,0.099,0.7534,0.1601,125,0.54662,0.0137,0.08076,0.59515,0.9639
Liechtenstein,161.0,0.17893,0.07936,0.17307,0.0,0.36372,49.0,0.5486,0.13636,0.18729,0.9479,0.52159,23.0,0.6694,0.12857,0.5238,0.94763,0.54118,14,0.8264,0.2368,0.58823,0.89097,1.0,35,0.69823,0.2745,0.51181,0.8361,0.74682,32,0.73126,0.62712,0.66667,0.79783,0.72929,25,0.8204,0.7472,0.7986,0.8237,0.8389,31,0.8359,0.6071,0.6588,0.8489,1.0,25,0.8685,0.5455,0.7329,0.8726,1.0,44,0.85284,0.6575,0.74157,0.82631,0.99064
Lithuania ,40.0,0.57862,0.11111,0.52307,0.96,0.2528,28.0,0.6617,0.47727,0.60869,0.96879,0.40925,28.0,0.62952,0.52857,0.48253,0.96916,0.44132,29,0.73329,0.5263,0.69934,0.92401,0.57652,29,0.72709,0.64705,0.7559,0.8557,0.56968,23,0.77467,0.83051,0.82609,0.87174,0.62619,40,0.7534,0.8034,0.7986,0.8323,0.6293,20,0.8665,0.7381,0.8529,0.9218,0.8249,24,0.8745,0.5455,0.8347,0.9251,0.8636,21,0.91104,0.8356,0.8839,0.88613,0.96309
Luxembourg,28.0,0.65131,0.14285,0.4,0.91,0.64393,14.0,0.7512,0.61363,0.60869,0.91567,0.73362,25.0,0.66721,0.17142,0.38095,0.9156,0.71375,19,0.80135,0.3947,0.69934,0.84035,0.86437,24,0.75911,0.54901,0.62204,0.783,0.87225,25,0.77046,0.69492,0.71739,0.77502,0.81898,18,0.8334,0.9382,0.9236,0.7803,0.7964,33,0.8272,0.7024,0.7647,0.8097,0.9072,26,0.8675,0.75,0.8319,0.8245,0.9462,45,0.84658,0.6301,0.75554,0.79548,0.98876
Madagascar ,141.0,0.26405,0.04761,0.18461,0.6,0.00754,135.0,0.3065,0.13636,0.2408,0.67013,0.01052,139.0,0.28904,0.05714,0.16507,0.67573,0.03008,148,0.30535,0.0263,0.32026,0.54381,0.05199,155,0.2606,0.35294,0.24409,0.4889,0.04879,163,0.24161,0.20339,0.22464,0.44875,0.05144,170,0.2792,0.3258,0.3056,0.4822,0.0499,172,0.3095,0.2976,0.2882,0.5307,0.1096,163,0.3565,0.2841,0.3515,0.536,0.182,168,0.32346,0.3014,0.40447,0.41409,0.15178
Malawi ,137.0,0.27944,0.01587,0.17307,0.66,0.00527,146.0,0.2878,0.02272,0.22073,0.63791,0.00685,159.0,0.23568,0.0,0.01587,0.67973,0.01811,159,0.27398,0.0,0.21568,0.57414,0.03211,166,0.23208,0.23529,0.17322,0.4746,0.04837,166,0.23977,0.28814,0.21739,0.45347,0.04845,175,0.2708,0.2022,0.2569,0.472,0.0834,165,0.348,0.4167,0.4235,0.4812,0.1394,167,0.3435,0.375,0.3607,0.4884,0.1815,163,0.37534,0.4521,0.46247,0.47493,0.18862
Malaysia,43.0,0.57057,0.1746,0.57692,0.83,0.30479,34.0,0.6063,0.29545,0.67558,0.83902,0.30222,32.0,0.61014,0.65714,0.63174,0.85426,0.34375,40,0.67031,0.5,0.79084,0.76911,0.45098,52,0.61152,0.52941,0.67716,0.7119,0.44546,60,0.61749,0.67797,0.71739,0.69534,0.43975,48,0.7174,0.8876,0.8889,0.6987,0.5647,47,0.7892,0.8571,0.8529,0.7513,0.7634,53,0.774,0.6818,0.763,0.7645,0.7945,57,0.81114,0.6986,0.72796,0.71921,0.98618
Maldives,77.0,0.43211,0.03174,0.31153,0.91,0.0748,95.0,0.4491,0.02272,0.29431,0.86165,0.19593,92.0,0.43917,0.07142,0.1619,0.87543,0.28859,95,0.49936,0.0263,0.32679,0.81137,0.35993,94,0.48129,0.2745,0.3622,0.6865,0.39516,117,0.43299,0.22034,0.23188,0.63005,0.43703,97,0.5615,0.4101,0.4931,0.6754,0.5159,105,0.574,0.4405,0.4353,0.6886,0.5981,104,0.5885,0.3068,0.4873,0.6937,0.5845,94,0.67453,0.4795,0.62201,0.61298,0.78856
Mali ,173.0,0.09249,0.0,0.06153,0.21,0.00595,175.0,0.1591,0.0909,0.17725,0.28226,0.01709,176.0,0.18147,0.11428,0.18412,0.33113,0.02907,183,0.18567,0.0,0.32026,0.17229,0.06447,181,0.16335,0.15686,0.13385,0.2212,0.13501,182,0.18165,0.0678,0.0942,0.23583,0.21492,178,0.2424,0.2416,0.2639,0.2558,0.2074,171,0.3097,0.3214,0.3471,0.2274,0.3546,168,0.3414,0.2727,0.3652,0.2193,0.4398,173,0.30053,0.274,0.3334,0.12498,0.44323
Malta ,21.0,0.70118,0.47619,0.7923,0.87,0.44125,29.0,0.6582,0.38636,0.72575,0.85558,0.39114,30.0,0.61293,0.34285,0.46984,0.88703,0.48627,35,0.7131,0.2632,0.61437,0.80572,0.7192,40,0.6518,0.47058,0.40157,0.7855,0.76834,30,0.74242,0.77966,0.7971,0.73101,0.69916,30,0.8011,0.8483,0.8403,0.7973,0.7657,22,0.8547,0.8333,0.8118,0.829,0.9232,15,0.8943,0.7614,0.8849,0.8734,0.9245,28,0.8886,0.7397,0.87492,0.8162,0.97466
Marshall Islands ,177.0,0.04399,0.0,0.09038,0.0,0.04159,183.0,0.0,0.0,0.07023,0.0,0.04533,184.0,0.0,0.02857,0.02539,0.0,0.04174,146,0.31288,0.0,0.13725,0.75895,0.04246,142,0.28506,0.2549,0.11023,0.7002,0.0448,156,0.26953,0.05085,0.02899,0.6947,0.08492,149,0.3543,0.1742,0.2292,0.7301,0.1037,156,0.4055,0.4286,0.3412,0.7506,0.1247,160,0.3714,0.2614,0.3004,0.6903,0.1236,143,0.48229,0.3288,0.35858,0.78356,0.30473
Mauritania ,164.0,0.17233,0.03174,0.06923,0.42,0.02778,168.0,0.2028,0.11363,0.0602,0.4934,0.05897,157.0,0.2359,0.11428,0.08888,0.54346,0.07981,181,0.19956,0.0,0.07843,0.40793,0.11232,174,0.1893,0.07843,0.04724,0.3581,0.16256,184,0.17344,0.05085,0.06522,0.30146,0.15365,183,0.2314,0.1798,0.1597,0.3467,0.1878,176,0.282,0.0952,0.1,0.3575,0.3886,172,0.3157,0.0227,0.0952,0.3873,0.4648,165,0.34912,0.1233,0.16879,0.29615,0.58239
Afghanistan,168.0,0.14898,0.01587,0.17692,0.268,0.00202,167.0,0.2048,0.04545,0.26755,0.32927,0.01576,168.0,0.20976,0.05714,0.23174,0.3641,0.03278,184,0.17014,0.1316,0.23529,0.21781,0.05731,173,0.19003,0.13725,0.1811,0.2418,0.14722,171,0.23132,0.42373,0.30435,0.28304,0.10658,177,0.2585,0.3202,0.3056,0.3562,0.1138,169,0.3203,0.4643,0.4118,0.3728,0.1762,184,0.271,0.1932,0.277,0.3493,0.1867,188,0.20827,0.1096,0.14379,0.2643,0.21672
Mauritius ,52.0,0.53166,0.12698,0.62884,0.79,0.17615,63.0,0.5086,0.11363,0.47157,0.81316,0.2423,77.0,0.46454,0.05714,0.29523,0.83883,0.26469,93,0.50658,0.0789,0.43137,0.75877,0.32959,76,0.53375,0.52941,0.47244,0.6882,0.44061,58,0.62306,0.66102,0.7029,0.7067,0.45957,66,0.6678,0.691,0.7292,0.7308,0.5435,63,0.7196,0.6429,0.7,0.7911,0.6677,75,0.7201,0.4205,0.6282,0.7733,0.7588,76,0.75061,0.411,0.59032,0.74564,0.91586
Mexico ,31.0,0.60611,0.7619,0.81923,0.85,0.14911,37.0,0.5893,0.75,0.70568,0.8629,0.19569,56.0,0.515,0.37142,0.44126,0.88983,0.21614,55,0.62399,0.5789,0.73202,0.82954,0.31042,63,0.5733,0.60784,0.66141,0.7445,0.31393,59,0.61953,0.88136,0.84783,0.69934,0.31143,64,0.6818,0.9438,0.9236,0.7044,0.4173,61,0.7291,0.8214,0.8235,0.7727,0.591,62,0.7473,0.7273,0.8245,0.7874,0.63,65,0.78499,0.7397,0.76366,0.76027,0.83101
Micronesia (Federated States of) ,176.0,0.0532,0.0,0.10769,0.0,0.05191,183.0,0.0,0.02272,0.08026,0.0,0.08405,184.0,0.0,0.01428,0.12698,0.0,0.08111,127,0.38119,0.0263,0.20915,0.83317,0.10126,130,0.33371,0.2549,0.18897,0.7023,0.10985,146,0.31031,0.22034,0.14493,0.66628,0.11971,161,0.3155,0.1404,0.1458,0.6889,0.1118,161,0.3779,0.3333,0.3529,0.6747,0.1061,164,0.355,0.2159,0.2703,0.6845,0.1102,167,0.32352,0.137,0.26211,0.57346,0.13502
Monaco ,148.0,0.24043,0.03174,0.21923,0.0,0.50208,183.0,0.0,0.0909,0.38127,0.0,0.60854,184.0,0.0,0.02857,0.1365,0.0,0.69614,26,0.74679,0.1842,0.35947,0.94386,0.93703,38,0.67148,0.09803,0.22047,0.794,1.0,31,0.73152,0.28814,0.31884,0.87573,1.0,28,0.805,0.5618,0.625,0.7901,1.0,64,0.7177,0.369,0.4706,0.8187,0.8639,73,0.7228,0.1364,0.4588,0.8302,0.8794,82,0.71747,0.1507,0.48377,0.7515,0.91711
Mongolia ,93.0,0.39623,0.25396,0.23076,0.89,0.06794,82.0,0.4735,0.27272,0.4214,0.90965,0.09114,53.0,0.52427,0.42857,0.55555,0.9127,0.10363,76,0.5443,0.6053,0.58823,0.86884,0.17583,65,0.55808,0.68627,0.61417,0.7887,0.27138,84,0.51943,0.71186,0.51449,0.75968,0.28411,92,0.5824,0.736,0.5972,0.7899,0.3602,92,0.6497,0.6071,0.5294,0.8063,0.6135,74,0.7209,0.6023,0.6263,0.8391,0.6973,46,0.84569,0.7808,0.82219,0.77748,0.93741
Montenegro,,0.0,0.0,0.0,0.0,0.0,100.0,0.4282,0.0909,0.37123,0.89105,0.02402,60.0,0.51014,0.15714,0.31428,0.891,0.33108,57,0.62181,0.3158,0.5098,0.81818,0.53746,45,0.63455,0.58823,0.52755,0.8279,0.54814,47,0.67326,0.83051,0.68116,0.81647,0.52215,58,0.6966,0.7416,0.6667,0.8172,0.6059,75,0.7006,0.5476,0.5412,0.8239,0.7366,71,0.726,0.4659,0.5528,0.8383,0.7868,81,0.72111,0.5068,0.52142,0.71904,0.92291
Albania ,102.0,0.37316,0.03174,0.16153,0.89,0.06795,86.0,0.467,0.02272,0.3913,0.88687,0.12508,85.0,0.45192,0.12857,0.31111,0.886,0.16293,86,0.51606,0.1053,0.42483,0.78632,0.33702,84,0.50455,0.52941,0.44881,0.71,0.3548,82,0.53305,0.64407,0.5942,0.65199,0.35296,74,0.6519,0.7584,0.7361,0.7877,0.4318,59,0.7399,0.8452,0.8412,0.8001,0.5785,63,0.7413,0.7614,0.8182,0.8022,0.6037,62,0.8,0.726,0.81441,0.81059,0.77497
Algeria ,123.0,0.32423,0.03174,0.24615,0.69,0.03654,121.0,0.3515,0.02272,0.22408,0.7114,0.12298,131.0,0.3181,0.01428,0.09841,0.73773,0.12481,132,0.36077,0.0526,0.2549,0.64626,0.18116,136,0.31064,0.07843,0.07874,0.6543,0.19885,150,0.29991,0.11864,0.06522,0.64116,0.19336,130,0.4227,0.2022,0.2153,0.664,0.3889,120,0.5173,0.1548,0.2765,0.6966,0.5787,112,0.5611,0.2273,0.3743,0.6956,0.6133,116,0.59556,0.0548,0.332,0.64179,0.8129
Andorra ,159.0,0.18363,0.03174,0.25192,0.0,0.29897,58.0,0.5175,0.06818,0.28428,0.86862,0.40664,57.0,0.51478,0.14285,0.23174,0.87973,0.44145,58,0.61718,0.1579,0.31372,0.80632,0.7315,43,0.6426,0.43137,0.43307,0.7277,0.76706,55,0.63016,0.44068,0.50725,0.69776,0.68546,62,0.6857,0.5674,0.6042,0.7309,0.722,80,0.6881,0.5119,0.4824,0.7448,0.8372,76,0.7177,0.375,0.5133,0.7585,0.8812,88,0.68931,0.5479,0.47804,0.66684,0.92307
Angola ,158.0,0.184,0.03174,0.16538,0.38,0.00663,127.0,0.3328,0.11363,0.43812,0.53471,0.02238,132.0,0.31098,0.07142,0.33968,0.54733,0.04507,142,0.32028,0.0263,0.33333,0.53833,0.08919,140,0.29703,0.23529,0.29921,0.4941,0.09778,142,0.33114,0.44068,0.34783,0.50151,0.14409,155,0.3376,0.4326,0.4097,0.506,0.0972,159,0.3847,0.4524,0.4882,0.5295,0.1364,157,0.3789,0.1705,0.4716,0.4648,0.2004,156,0.41487,0.2192,0.39624,0.47602,0.37238
Antigua and Barbuda ,86.0,0.40102,0.03174,0.15769,0.8,0.24539,96.0,0.4485,0.13636,0.14046,0.82533,0.3891,55.0,0.51536,0.15714,0.12063,0.91333,0.52409,49,0.63447,0.1316,0.30718,0.87702,0.7192,60,0.59266,0.5098,0.41732,0.7669,0.59378,100,0.48922,0.16949,0.18116,0.74529,0.5412,90,0.5906,0.4607,0.4583,0.7518,0.5617,98,0.6055,0.4881,0.4471,0.7518,0.6176,99,0.6113,0.4205,0.4231,0.8128,0.5981,105,0.64282,0.3425,0.41658,0.71757,0.79426
Argentina ,34.0,0.59713,0.26984,0.65769,0.96,0.17371,39.0,0.5844,0.45454,0.55852,0.94698,0.24844,48.0,0.54668,0.2,0.41269,0.95026,0.28116,56,0.62279,0.2895,0.52941,0.90381,0.43517,46,0.63059,0.54901,0.55118,0.8571,0.48347,41,0.6978,0.62712,0.71014,0.88021,0.50306,43,0.7335,0.6236,0.75,0.8579,0.5927,32,0.8279,0.8571,0.8471,0.91,0.7265,41,0.8198,0.6477,0.8089,0.9173,0.7332,42,0.85733,0.6301,0.79649,0.93298,0.84254
Armenia ,106.0,0.36248,0.06349,0.11153,0.9,0.07591,103.0,0.4182,0.04545,0.2709,0.89882,0.08939,110.0,0.40247,0.04285,0.1746,0.91173,0.128,94,0.49967,0.0,0.32679,0.85053,0.32167,61,0.58969,0.52941,0.61417,0.766,0.3889,87,0.51785,0.52542,0.42754,0.73377,0.39225,87,0.5944,0.5674,0.5625,0.7547,0.466,68,0.7136,0.75,0.7,0.7872,0.6536,64,0.7364,0.5795,0.7221,0.7945,0.6925,48,0.84217,0.8493,0.7922,0.8561,0.87824
Morocco ,138.0,0.27738,0.03174,0.23846,0.53,0.06368,140.0,0.2944,0.0,0.20735,0.54368,0.13491,126.0,0.32872,0.12857,0.23809,0.57393,0.17688,120,0.4209,0.3947,0.54248,0.44303,0.2772,82,0.50598,0.80392,0.69291,0.4901,0.33499,85,0.51858,0.83051,0.73913,0.47372,0.3429,110,0.5214,0.7753,0.6667,0.5278,0.3697,106,0.5729,0.5119,0.5235,0.6152,0.58,101,0.5915,0.2727,0.4721,0.635,0.6676,90,0.68411,0.4384,0.56184,0.60783,0.88273
Mozambique ,146.0,0.24483,0.33333,0.27884,0.45,0.00565,152.0,0.2559,0.43181,0.31103,0.43453,0.02058,161.0,0.22884,0.11428,0.17142,0.49183,0.02501,158,0.27859,0.1316,0.36601,0.42549,0.04426,164,0.23837,0.33333,0.31496,0.3457,0.05449,172,0.2305,0.20339,0.2029,0.3893,0.09929,160,0.3195,0.4438,0.4236,0.3951,0.1398,163,0.3564,0.5238,0.5176,0.4222,0.1293,173,0.313,0.1932,0.3563,0.429,0.1537,177,0.28476,0.2055,0.39591,0.39519,0.06321
Myanmar ,129.0,0.29593,0.04761,0.15384,0.73,0.00395,144.0,0.2922,0.0,0.11371,0.76436,0.00388,141.0,0.28177,0.0,0.08253,0.76433,0.00449,160,0.27033,0.0,0.10457,0.70642,0.0,175,0.18694,0.07843,0.02362,0.5288,0.00836,169,0.23619,0.10169,0.15942,0.48365,0.06551,157,0.3328,0.1348,0.2292,0.5127,0.2565,146,0.4316,0.2619,0.2588,0.5125,0.5234,134,0.4994,0.3068,0.3073,0.5829,0.6082,138,0.50007,0.1644,0.32594,0.50812,0.66618
Namibia ,111.0,0.34105,0.0,0.16538,0.79,0.06776,126.0,0.3445,0.04545,0.17391,0.78275,0.08187,125.0,0.33135,0.01428,0.06666,0.8135,0.12191,123,0.3937,0.0263,0.30065,0.74193,0.13851,117,0.38799,0.33333,0.32283,0.5693,0.27187,125,0.36818,0.23729,0.28261,0.55506,0.26686,121,0.4554,0.3933,0.4514,0.585,0.3299,104,0.5747,0.5,0.5235,0.6558,0.5447,121,0.5322,0.25,0.4316,0.6516,0.5133,114,0.60074,0.274,0.49958,0.57382,0.72879
Nauru ,179.0,0.03571,0.0,0.05769,0.0,0.04946,183.0,0.0,0.0,0.01003,0.0,0.05558,184.0,0.0,0.01428,0.01269,0.0,0.0,141,0.32422,0.0,0.09803,0.70467,0.16996,145,0.27755,0.07843,0.05511,0.5617,0.21585,152,0.28682,0.08475,0.0942,0.52144,0.2448,158,0.3324,0.1461,0.1319,0.5619,0.3033,154,0.415,0.2024,0.1706,0.6006,0.4738,139,0.4548,0.25,0.2952,0.5925,0.4768,151,0.44544,0.2329,0.24387,0.50612,0.58634
Dominica ,119.0,0.33336,0.0,0.06923,0.76,0.17085,116.0,0.3746,0.0,0.00668,0.85656,0.2718,105.0,0.41491,0.02857,0.05079,0.8484,0.35659,73,0.55609,0.0263,0.29411,0.75201,0.62214,110,0.4338,0.11764,0.18897,0.6701,0.44237,109,0.45775,0.18644,0.30435,0.63842,0.43048,93,0.5794,0.5562,0.6111,0.6497,0.4775,99,0.6013,0.3571,0.4471,0.6698,0.6871,109,0.5789,0.0909,0.2954,0.681,0.7604,127,0.54452,0.3014,0.37983,0.57807,0.67566
Dominican Republic ,82.0,0.40758,0.06349,0.31153,0.82,0.09121,68.0,0.4943,0.31818,0.50836,0.82701,0.1472,84.0,0.45573,0.18571,0.36507,0.8391,0.16578,89,0.51298,0.4737,0.53594,0.7398,0.2632,107,0.44808,0.33333,0.38582,0.6639,0.2945,98,0.49136,0.49153,0.50725,0.66762,0.29922,95,0.5726,0.6798,0.6597,0.6927,0.3655,82,0.6782,0.7738,0.7647,0.7419,0.5279,92,0.6429,0.4545,0.6183,0.7539,0.5567,85,0.70127,0.6575,0.64047,0.7189,0.7444
Ecuador ,92.0,0.39663,0.06349,0.25,0.85,0.0899,74.0,0.484,0.11363,0.44481,0.85656,0.15185,95.0,0.43219,0.15714,0.31746,0.82306,0.15954,102,0.48685,0.2368,0.45751,0.75488,0.24816,83,0.50529,0.49019,0.48031,0.7037,0.33184,74,0.56254,0.57627,0.63043,0.71341,0.34379,84,0.6129,0.6742,0.7292,0.7395,0.3699,74,0.7015,0.7976,0.8118,0.7793,0.5133,84,0.6889,0.7045,0.7651,0.7748,0.5269,67,0.77997,0.8767,0.88507,0.7715,0.68335
Egypt ,99.0,0.37929,0.07936,0.44615,0.62,0.07173,79.0,0.4767,0.25,0.60535,0.7323,0.08861,86.0,0.4518,0.28571,0.53015,0.69733,0.12555,107,0.46112,0.6842,0.6013,0.55884,0.2232,80,0.51293,0.54901,0.59055,0.5912,0.35705,108,0.45941,0.40678,0.47101,0.60476,0.30246,114,0.488,0.5393,0.5347,0.6072,0.3222,111,0.5527,0.5119,0.5706,0.6192,0.4683,103,0.5895,0.3523,0.573,0.6375,0.5579,95,0.66994,0.589,0.70016,0.61503,0.69456
El Salvador ,78.0,0.42251,0.15873,0.42692,0.75,0.09063,67.0,0.4974,0.38636,0.57859,0.77232,0.13884,73.0,0.46995,0.07142,0.42539,0.7935,0.1923,74,0.55127,0.5526,0.6732,0.71685,0.26376,88,0.49885,0.60784,0.53543,0.6414,0.31975,104,0.47184,0.55932,0.48551,0.60354,0.32646,100,0.5469,0.6517,0.625,0.6348,0.381,107,0.5697,0.6786,0.5765,0.6242,0.5085,117,0.5519,0.3523,0.467,0.6268,0.5618,115,0.5988,0.3836,0.50897,0.53479,0.75264
Equatorial Guinea ,180.0,0.0,0.0,0.0,0.76,0.02535,145.0,0.289,0.0,0.06354,0.77348,0.03667,138.0,0.29024,0.08571,0.03174,0.7868,0.06001,151,0.29548,0.0263,0.09803,0.70012,0.08829,168,0.22675,0.0196,0.03149,0.5288,0.11996,165,0.24027,0.08475,0.07971,0.5174,0.12371,184,0.2298,0.0506,0.0486,0.5397,0.101,185,0.2507,0.0714,0.0647,0.5547,0.1327,183,0.2746,0.1591,0.1845,0.5031,0.1363,176,0.28554,0.2329,0.19319,0.41021,0.2532
Eritrea ,157.0,0.18485,0.03174,0.05769,0.49,0.00686,169.0,0.1965,0.04545,0.06354,0.52088,0.00904,175.0,0.18587,0.02857,0.02222,0.52906,0.0113,180,0.20434,0.0263,0.20915,0.39066,0.0132,192,0.09075,0.0,0.0,0.2723,0.0,190,0.09016,0.01695,0.02174,0.24874,0.0,189,0.1337,0.0337,0.0833,0.3179,0.0,192,0.1292,0.0,0.0118,0.3759,0.0,190,0.1709,0.0227,0.0,0.429,0.0837,190,0.15762,0.0137,0.0,0.33237,0.14054
Estonia ,19.0,0.73473,0.61904,0.69615,0.98,0.52805,13.0,0.76,0.72727,0.71237,0.97344,0.59577,20.0,0.69653,0.68571,0.50158,0.96663,0.62729,20,0.79873,0.7632,0.82352,0.90847,0.66421,15,0.81796,0.7647,0.77165,0.8889,0.79337,13,0.83344,0.81356,0.8913,0.87608,0.73295,16,0.8486,0.9101,0.9028,0.8818,0.7613,3,0.9473,1.0,0.9941,0.9266,0.9212,8,0.9393,0.9773,1.0,0.9231,0.8949,2,0.97274,0.9589,0.99535,0.94972,0.97309
Nepal ,126.0,0.30211,0.07936,0.4,0.5,0.00634,150.0,0.2725,0.02272,0.28762,0.51758,0.0119,153.0,0.25677,0.05714,0.16825,0.58206,0.02268,164,0.26644,0.0263,0.28758,0.45206,0.05969,165,0.23442,0.29411,0.15748,0.3774,0.16843,135,0.34581,0.50847,0.39855,0.47142,0.16745,117,0.4748,0.7809,0.6875,0.4957,0.2413,132,0.4699,0.369,0.4,0.5405,0.4691,125,0.5117,0.2386,0.4592,0.5636,0.5123,119,0.57813,0.2192,0.44806,0.521,0.76529
Netherlands ,12.0,0.80205,0.69841,0.73461,0.99,0.68153,5.0,0.8631,0.52272,0.78929,0.98809,0.81402,5.0,0.80968,0.6,0.67936,0.98703,0.7666,2,0.91249,1.0,0.96078,0.94249,0.83421,5,0.88966,1.0,0.92913,0.9224,0.81751,7,0.86586,0.94915,0.92754,0.9183,0.75173,13,0.8757,0.9888,0.9306,0.9206,0.7758,10,0.9228,0.9643,0.9059,0.9349,0.9276,9,0.9384,0.9659,0.9026,0.9506,0.962,10,0.95384,0.9315,0.92118,0.96881,0.97151
New Zealand ,13.0,0.79865,0.79365,0.80384,0.99,0.6021,18.0,0.7392,0.79545,0.64214,0.99333,0.58509,14.0,0.73112,0.77142,0.63809,0.99333,0.56478,13,0.83809,0.5789,0.78431,0.99819,0.73176,9,0.86436,0.78431,0.84251,1.0,0.75057,8,0.8653,0.94915,0.94203,0.94024,0.71364,8,0.8806,0.9831,0.9514,0.945,0.7455,8,0.9339,0.9881,0.9294,0.9516,0.9207,4,0.9432,0.9545,0.9579,0.9823,0.8896,16,0.92654,0.9315,0.9453,0.96152,0.87281
Nicaragua ,113.0,0.33826,0.11111,0.25,0.73,0.0348,117.0,0.3668,0.0,0.28762,0.74664,0.0685,118.0,0.36298,0.3,0.25396,0.76256,0.07571,130,0.36214,0.1316,0.31372,0.65328,0.11942,147,0.27585,0.09803,0.09448,0.5639,0.16924,123,0.38011,0.40678,0.38406,0.5454,0.21088,129,0.4233,0.3876,0.4028,0.5847,0.2825,123,0.5139,0.5238,0.5471,0.6133,0.3812,130,0.5032,0.25,0.4809,0.6,0.4287,132,0.53181,0.2329,0.44927,0.56102,0.58512
Niger ,174.0,0.06612,0.0,0.01153,0.18,0.00685,181.0,0.1142,0.11363,0.07357,0.26682,0.00356,183.0,0.10981,0.1,0.03809,0.28186,0.01165,188,0.11188,0.0,0.19607,0.11029,0.02927,191,0.09456,0.23529,0.12598,0.1192,0.03851,192,0.05933,0.08475,0.07246,0.04979,0.05575,192,0.1095,0.2135,0.1597,0.0894,0.0795,188,0.1661,0.2976,0.2941,0.1304,0.0737,188,0.2406,0.25,0.3904,0.1915,0.14,187,0.21157,0.2055,0.30839,0.16851,0.15783
Nigeria ,139.0,0.2758,0.07936,0.22307,0.59,0.01433,136.0,0.3063,0.06818,0.22408,0.64801,0.04919,150.0,0.26868,0.01428,0.09523,0.6567,0.05937,162,0.26756,0.1842,0.22222,0.45352,0.12696,141,0.29287,0.33333,0.30708,0.3811,0.19045,143,0.3291,0.35593,0.41304,0.37843,0.19582,143,0.3807,0.4831,0.5278,0.4261,0.1883,141,0.4406,0.4881,0.5176,0.4507,0.3534,140,0.4525,0.3068,0.525,0.4439,0.3886,144,0.48146,0.3699,0.53719,0.42357,0.48355
Norway ,10.0,0.8228,0.39682,0.79615,0.99,0.68225,3.0,0.8921,0.52272,0.94648,0.99076,0.73749,6.0,0.80199,0.5,0.7365,0.98843,0.68303,8,0.85931,0.6842,0.8562,0.93468,0.78704,13,0.83572,0.68627,0.7559,0.938,0.81328,18,0.81168,0.76271,0.80435,0.90306,0.72764,14,0.8557,0.9775,0.9514,0.9025,0.7131,13,0.9064,0.9048,0.8765,0.9392,0.9034,17,0.8879,0.6932,0.8007,0.9528,0.9102,15,0.93153,0.863,0.91172,0.91748,0.96539
Oman ,112.0,0.34051,0.01587,0.17307,0.71,0.13845,84.0,0.4691,0.20454,0.48494,0.76592,0.15587,82.0,0.45757,0.15714,0.36825,0.798,0.20917,64,0.59441,0.4474,0.66666,0.7224,0.39417,48,0.62732,0.70588,0.73228,0.6624,0.48725,66,0.59616,0.55932,0.5942,0.67957,0.51471,63,0.6846,0.8315,0.8125,0.7013,0.5399,50,0.7749,0.8333,0.8529,0.7751,0.6967,50,0.7834,0.6591,0.7423,0.8067,0.8012,41,0.85759,0.6575,0.80774,0.79767,0.96739
Pakistan ,136.0,0.28358,0.12698,0.42692,0.4,0.02383,131.0,0.316,0.0909,0.42474,0.46586,0.05396,146.0,0.27547,0.17142,0.24761,0.50256,0.07709,156,0.28234,0.1316,0.36601,0.35717,0.12385,158,0.25799,0.33333,0.32283,0.3337,0.11743,159,0.25832,0.37288,0.32609,0.31898,0.12989,148,0.3566,0.5,0.5486,0.3682,0.1529,153,0.4183,0.5238,0.6294,0.3818,0.2437,150,0.4238,0.3636,0.5658,0.3933,0.3122,136,0.50955,0.4932,0.70417,0.34996,0.47453
Palau ,175.0,0.05641,0.0,0.16923,0.0,0.0,183.0,0.0,0.06818,0.17725,0.0,0.0,103.0,0.41885,0.01428,0.05396,0.95906,0.2546,113,0.43592,0.0263,0.183,0.84452,0.28023,108,0.4415,0.23529,0.16535,0.7999,0.35922,111,0.45459,0.0339,0.1087,0.88665,0.36841,111,0.5024,0.2528,0.3264,0.8462,0.3346,125,0.5109,0.3214,0.2765,0.8816,0.3745,132,0.5018,0.2273,0.2373,0.8946,0.3735,137,0.50724,0.3014,0.27867,0.75203,0.49096
Panama ,64.0,0.48216,0.26984,0.48846,0.86,0.09801,83.0,0.4718,0.11363,0.41471,0.8778,0.12463,79.0,0.46191,0.0,0.28253,0.88843,0.22019,66,0.57328,0.3158,0.46405,0.81505,0.44075,77,0.52422,0.49019,0.37007,0.7455,0.45713,99,0.49035,0.37288,0.33333,0.71747,0.42023,85,0.6092,0.7191,0.6597,0.7137,0.4543,84,0.6715,0.5833,0.6235,0.7421,0.6488,82,0.6956,0.5114,0.6741,0.7525,0.6603,79,0.72981,0.5205,0.65049,0.68663,0.8523
Papua New Guinea ,142.0,0.2539,0.03174,0.16153,0.57,0.03017,166.0,0.2078,0.04545,0.08695,0.51802,0.0221,171.0,0.20429,0.01428,0.07301,0.521,0.02283,177,0.21471,0.0,0.22875,0.37432,0.04106,188,0.12028,0.0,0.00787,0.3,0.05296,179,0.1882,0.20339,0.16667,0.324,0.07393,171,0.2787,0.2022,0.2708,0.4778,0.0875,175,0.2827,0.2143,0.2235,0.5013,0.1233,170,0.323,0.1705,0.3263,0.4996,0.143,171,0.30756,0.1918,0.3392,0.39838,0.18513
Paraguay ,107.0,0.362,0.01587,0.16538,0.85,0.07062,88.0,0.4654,0.06818,0.43812,0.85343,0.10554,101.0,0.42434,0.01428,0.26349,0.8711,0.1433,104,0.48019,0.1579,0.45751,0.78621,0.19684,122,0.374,0.2549,0.22834,0.67,0.22361,95,0.4989,0.57627,0.60145,0.64086,0.25439,108,0.5255,0.573,0.5556,0.6701,0.3507,93,0.6487,0.75,0.7059,0.6968,0.5435,94,0.6332,0.5114,0.6059,0.6947,0.5989,80,0.72507,0.6027,0.67115,0.70932,0.79468
Peru ,56.0,0.50893,0.26984,0.55769,0.86,0.10909,55.0,0.5252,0.13636,0.56521,0.87193,0.13734,63.0,0.49234,0.17142,0.40952,0.8911,0.1789,82,0.52302,0.3947,0.51633,0.79419,0.25854,72,0.54354,0.70588,0.62992,0.7289,0.2718,81,0.53815,0.54237,0.63043,0.71508,0.26892,77,0.6461,0.8652,0.8194,0.7276,0.3913,71,0.7083,0.7619,0.7529,0.794,0.578,59,0.7524,0.7614,0.8099,0.8207,0.6267,58,0.807,0.7534,0.8377,0.7469,0.83638
Philippines ,41.0,0.57211,0.47619,0.7423,0.89,0.08404,66.0,0.5001,0.27272,0.5117,0.88771,0.10058,78.0,0.46373,0.18571,0.39365,0.88813,0.11153,88,0.51303,0.2105,0.49673,0.83414,0.20822,95,0.47681,0.56862,0.48031,0.7051,0.24508,71,0.57655,0.59322,0.66667,0.68389,0.37909,75,0.6512,0.9382,0.8819,0.7171,0.3547,77,0.6892,0.75,0.7294,0.7544,0.5838,89,0.6523,0.4886,0.6303,0.7629,0.5638,73,0.76212,0.726,0.80543,0.72556,0.75544
Poland ,38.0,0.58721,0.3492,0.51153,0.96,0.2901,33.0,0.6134,0.22727,0.53846,0.95595,0.34814,45.0,0.55822,0.24285,0.3873,0.95516,0.33737,47,0.64414,0.1842,0.53594,0.90435,0.49211,42,0.64822,0.49019,0.5433,0.8396,0.56182,36,0.72108,0.88136,0.7029,0.87465,0.58568,33,0.7926,0.8933,0.9306,0.8668,0.5805,24,0.8531,0.9643,0.8588,0.9001,0.8005,34,0.8437,0.6477,0.7929,0.9033,0.8348,37,0.8648,0.7534,0.80371,0.83039,0.96034
Portugal ,30.0,0.60839,0.20634,0.42692,0.97,0.42825,31.0,0.6479,0.25,0.59866,0.9249,0.42153,39.0,0.57869,0.27142,0.3873,0.93566,0.4189,33,0.7165,0.3684,0.65359,0.8931,0.60281,37,0.68996,0.64705,0.63779,0.8227,0.60943,38,0.71437,0.66102,0.74638,0.81294,0.58379,29,0.8031,0.8989,0.9306,0.817,0.6617,35,0.8255,0.8214,0.8353,0.8463,0.7948,38,0.8273,0.7273,0.7954,0.8665,0.8201,49,0.84153,0.6438,0.78775,0.83888,0.89791
Qatar ,62.0,0.48951,0.04761,0.32692,0.83,0.31162,53.0,0.5314,0.18181,0.3913,0.85205,0.35494,62.0,0.49278,0.12857,0.27936,0.8886,0.31684,48,0.64048,0.6316,0.73856,0.73158,0.4513,44,0.63615,0.60784,0.65354,0.6671,0.58786,48,0.66988,0.64407,0.67391,0.73166,0.60408,51,0.7132,0.7135,0.7917,0.6683,0.6797,66,0.7173,0.6548,0.6588,0.6698,0.8233,78,0.7149,0.375,0.6094,0.715,0.8203,53,0.82438,0.4795,0.76549,0.71135,0.99634
Republic of Korea ,5.0,0.87273,0.87301,0.97692,0.97,0.67127,6.0,0.8317,0.97727,0.82274,0.98412,0.68864,1.0,0.87854,1.0,1.0,0.99293,0.63902,1,0.92832,1.0,1.0,0.94937,0.83559,1,0.94623,1.0,0.97637,0.9273,0.93503,3,0.89149,0.9661,0.94203,0.87947,0.85296,3,0.901,1.0,0.9792,0.8743,0.8496,2,0.956,1.0,1.0,0.8997,0.9684,3,0.9529,0.9432,0.9826,0.9087,0.9674,4,0.96789,0.9726,1.0,0.91198,0.9917
Republic of Moldova ,109.0,0.34588,0.0,0.05384,0.87,0.11381,93.0,0.451,0.06818,0.31103,0.89313,0.15321,80.0,0.46114,0.2,0.29523,0.8999,0.19332,69,0.5626,0.3947,0.51633,0.81286,0.35861,66,0.55708,0.62745,0.52755,0.7201,0.42355,65,0.59945,0.66102,0.5942,0.71913,0.48501,69,0.659,0.8596,0.7708,0.7274,0.4787,79,0.6881,0.7619,0.7529,0.7432,0.5683,72,0.7251,0.6818,0.738,0.8613,0.576,70,0.77195,0.726,0.72636,0.77764,0.8118
Romania ,44.0,0.5704,0.31746,0.6423,0.88,0.1889,51.0,0.5383,0.04545,0.41471,0.90474,0.2992,47.0,0.54791,0.18571,0.41587,0.9226,0.30927,62,0.60595,0.0789,0.51633,0.87829,0.42322,64,0.56315,0.47058,0.44094,0.81,0.43854,75,0.56114,0.62712,0.45652,0.77361,0.45329,67,0.6671,0.7079,0.6597,0.7944,0.5471,55,0.7605,0.8095,0.7235,0.7995,0.7586,57,0.7619,0.625,0.6814,0.809,0.7954,72,0.76364,0.6849,0.65477,0.74392,0.89224
Russian Federation ,50.0,0.53285,0.14285,0.45384,0.95,0.19472,60.0,0.512,0.0909,0.33444,0.95889,0.24815,59.0,0.51359,0.12857,0.33015,0.93966,0.27651,27,0.73448,0.6579,0.66013,0.88498,0.65834,27,0.72959,0.68627,0.70866,0.8388,0.6413,35,0.72147,0.74576,0.73188,0.8234,0.60913,32,0.7969,0.9213,0.9167,0.8522,0.6219,36,0.8244,0.869,0.8176,0.8833,0.7723,42,0.8162,0.6023,0.7368,0.9065,0.8053,43,0.85325,0.6438,0.7766,0.83194,0.95118
Australia ,6.0,0.86786,0.71428,0.90384,0.99,0.70975,8.0,0.8108,0.88636,0.7525,0.99333,0.68839,8.0,0.78627,0.91428,0.76507,0.99333,0.60105,12,0.839,0.7632,0.86274,1.0,0.65427,2,0.91034,0.94117,0.92913,0.9978,0.80405,2,0.91428,0.98305,0.97826,1.0,0.76459,2,0.9053,0.9831,0.9722,1.0,0.7436,5,0.9432,0.9643,0.9471,1.0,0.8825,7,0.9405,0.9886,0.938,1.0,0.8836,8,0.9577,0.863,0.92219,1.0,0.95092
Austria,16.0,0.76023,0.41269,0.7423,0.96,0.5784,16.0,0.7428,0.47727,0.66555,0.96637,0.59894,24.0,0.66793,0.5,0.47619,0.9598,0.57362,21,0.78395,0.3684,0.74509,0.90907,0.69769,20,0.79124,0.62745,0.74803,0.866,0.75972,16,0.82081,0.88136,0.91304,0.83959,0.70981,20,0.8301,0.8258,0.8681,0.8505,0.7716,15,0.8914,0.9762,0.9471,0.9032,0.824,20,0.8801,0.7727,0.8827,0.907,0.8505,22,0.90653,0.7808,0.83829,0.90028,0.98096
Azerbaijan ,101.0,0.37733,0.01587,0.18076,0.88,0.07122,89.0,0.4609,0.25,0.39464,0.88221,0.1077,83.0,0.45706,0.17142,0.3238,0.9185,0.13292,96,0.49838,0.1316,0.36601,0.82586,0.30327,68,0.5472,0.43137,0.43307,0.748,0.46049,56,0.62741,0.67797,0.68116,0.71583,0.48525,70,0.6574,0.6798,0.7292,0.7369,0.5062,70,0.71,0.6905,0.7059,0.7713,0.6528,83,0.6937,0.3864,0.6119,0.7932,0.6761,74,0.76073,0.4932,0.73863,0.72329,0.82034
Bahamas ,67.0,0.46756,0.03174,0.2923,0.88,0.23038,71.0,0.4911,0.04545,0.301,0.87476,0.30334,65.0,0.48706,0.07142,0.23174,0.88696,0.35021,65,0.57932,0.0789,0.47058,0.81195,0.45542,92,0.49,0.19607,0.33858,0.7138,0.41758,93,0.51084,0.33898,0.42754,0.72073,0.38425,72,0.6552,0.618,0.7014,0.7249,0.5393,73,0.7017,0.619,0.6765,0.7546,0.6739,66,0.7277,0.3977,0.6214,0.7641,0.7976,83,0.71434,0.3151,0.54021,0.73762,0.86522
Chad ,169.0,0.14331,0.0,0.00769,0.42,0.00225,182.0,0.1047,0.0,0.01337,0.2959,0.00748,182.0,0.12346,0.05714,0.01904,0.3363,0.01822,189,0.10916,0.0263,0.09803,0.20031,0.02913,189,0.10761,0.07843,0.04724,0.2341,0.04146,188,0.12564,0.15254,0.13768,0.19168,0.04755,190,0.1257,0.1461,0.1458,0.1644,0.0669,189,0.1557,0.2619,0.2,0.1782,0.089,189,0.189,0.3182,0.2726,0.1753,0.1191,189,0.17853,0.3151,0.26738,0.14879,0.11945
Chile ,22.0,0.69626,0.5873,0.91153,0.9,0.27726,40.0,0.5819,0.18181,0.56354,0.91447,0.26821,34.0,0.60137,0.34285,0.60952,0.92326,0.27109,39,0.67687,0.6579,0.75163,0.87883,0.40014,33,0.71216,0.94117,0.81889,0.8236,0.49396,42,0.69492,0.74576,0.77536,0.81235,0.49705,42,0.735,0.8202,0.8333,0.8339,0.5377,34,0.8259,0.8571,0.8529,0.8643,0.7606,36,0.8377,0.6932,0.828,0.8853,0.7999,31,0.88266,0.8356,0.86119,0.84129,0.94553
China ,57.0,0.50778,0.19047,0.56923,0.83,0.12411,65.0,0.5017,0.47727,0.50836,0.83657,0.15999,72.0,0.46998,0.37142,0.36825,0.85353,0.19125,78,0.5359,0.2105,0.52941,0.77446,0.30385,70,0.54501,0.64705,0.60629,0.6734,0.3554,63,0.60713,0.81356,0.76812,0.686,0.36727,65,0.6811,0.9045,0.8611,0.7088,0.4735,45,0.7948,0.9643,0.9059,0.7396,0.7388,43,0.8119,0.8636,0.8876,0.7429,0.805,35,0.87184,0.9315,0.92576,0.79023,0.89954
Bahrain ,53.0,0.52815,0.04761,0.41923,0.85,0.31523,42.0,0.5723,0.3409,0.52006,0.86396,0.3346,13.0,0.73625,0.67142,0.73015,0.89326,0.58551,36,0.69461,0.6579,0.86274,0.80281,0.41829,18,0.80885,0.82352,0.937,0.784,0.7055,24,0.77335,0.74576,0.82609,0.71777,0.7762,26,0.8116,0.7978,0.7986,0.7897,0.8466,38,0.8213,0.7738,0.7882,0.8439,0.8319,54,0.7707,0.4432,0.7523,0.8154,0.7444,18,0.91958,0.9041,0.90305,0.86804,0.98773
Bangladesh ,162.0,0.17618,0.0,0.07307,0.45,0.00549,142.0,0.2936,0.13636,0.35117,0.50327,0.02458,134.0,0.30278,0.1,0.35555,0.5182,0.033,150,0.29913,0.0789,0.44444,0.38885,0.06411,148,0.27572,0.39215,0.34645,0.3866,0.09414,124,0.37995,0.52542,0.62319,0.39731,0.11934,115,0.4862,0.8034,0.7847,0.4763,0.1976,119,0.5189,0.5714,0.6118,0.5731,0.3717,111,0.563,0.5227,0.6521,0.59,0.4469,100,0.65696,0.6164,0.73744,0.58337,0.6501
Barbados ,61.0,0.49202,0.04761,0.21538,0.95,0.3107,46.0,0.5667,0.13636,0.301,0.96087,0.44639,40.0,0.57144,0.1,0.2,0.9743,0.5513,44,0.65655,0.0263,0.37254,0.92317,0.67395,59,0.5933,0.09803,0.22047,0.8865,0.67295,54,0.631,0.42373,0.44203,0.81129,0.63967,46,0.7229,0.6236,0.6667,0.8301,0.6719,62,0.7279,0.5952,0.5765,0.8549,0.7523,79,0.7117,0.3977,0.5388,0.8645,0.7318,91,0.6815,0.3288,0.49755,0.7845,0.7624
Belarus ,51.0,0.53184,0.26984,0.48846,0.95,0.15707,56.0,0.5213,0.0909,0.32775,0.9597,0.2823,64.0,0.48996,0.24285,0.30158,0.96593,0.20807,61,0.609,0.0789,0.41176,0.91198,0.50325,55,0.60529,0.35294,0.32283,0.8861,0.60691,49,0.66249,0.55932,0.48551,0.87159,0.63037,38,0.7641,0.882,0.7361,0.8681,0.6881,40,0.8084,0.75,0.7059,0.8912,0.8281,58,0.758,0.4318,0.5302,0.9011,0.8426,77,0.74449,0.4932,0.57598,0.74188,0.91561
Belgium ,18.0,0.73806,0.50793,0.71153,0.99,0.51266,24.0,0.6779,0.40909,0.53846,0.9771,0.52224,16.0,0.72246,0.58571,0.62539,0.97513,0.56979,24,0.77181,0.1316,0.64705,0.92641,0.74198,25,0.75638,0.62745,0.67716,0.8932,0.6988,19,0.7874,0.64407,0.71014,0.97124,0.68083,27,0.808,0.7584,0.7569,0.974,0.693,41,0.8047,0.6548,0.6588,0.9521,0.8033,39,0.8269,0.4545,0.6899,0.9614,0.8294,56,0.81212,0.5068,0.72244,0.84416,0.86984
Belize ,97.0,0.38152,0.01587,0.25384,0.75,0.14072,107.0,0.4102,0.11363,0.30434,0.77347,0.15613,120.0,0.35127,0.1,0.15873,0.7609,0.14002,124,0.39232,0.1842,0.39869,0.61554,0.16274,120,0.37738,0.29411,0.37795,0.6012,0.15295,122,0.38253,0.25424,0.31884,0.64536,0.18339,132,0.4115,0.2921,0.3333,0.6765,0.2247,136,0.4548,0.2976,0.2647,0.6919,0.4079,133,0.5005,0.2045,0.4425,0.6707,0.3882,141,0.48719,0.2329,0.40545,0.52698,0.52917
Benin ,151.0,0.23088,0.01587,0.23846,0.44,0.0142,171.0,0.186,0.11363,0.12374,0.39996,0.03629,173.0,0.20171,0.07142,0.11746,0.44476,0.04545,179,0.20638,0.0789,0.19607,0.31132,0.11175,180,0.1685,0.17647,0.11023,0.2756,0.11964,177,0.20389,0.16949,0.14493,0.31964,0.14709,159,0.3264,0.3708,0.4722,0.3653,0.1418,157,0.4039,0.5476,0.5118,0.4404,0.2595,149,0.4264,0.3409,0.5245,0.4391,0.3156,146,0.45779,0.3699,0.52016,0.37146,0.48171
Bhutan ,130.0,0.29405,0.04761,0.38461,0.48,0.01753,134.0,0.3074,0.5,0.40802,0.48666,0.02441,152.0,0.25983,0.07142,0.1873,0.53246,0.06193,152,0.29418,0.0263,0.35294,0.41532,0.1143,143,0.28285,0.35294,0.24409,0.429,0.17546,133,0.35065,0.35593,0.31884,0.51391,0.21919,126,0.4274,0.5281,0.5,0.4743,0.308,103,0.5777,0.631,0.6824,0.5139,0.5367,115,0.5521,0.4659,0.5996,0.5305,0.5261,103,0.6511,0.4932,0.58862,0.54781,0.81695
Bolivia ,85.0,0.40174,0.07936,0.28846,0.86,0.05678,72.0,0.4867,0.40909,0.52173,0.8649,0.07246,98.0,0.42797,0.2,0.30476,0.8914,0.09148,106,0.46584,0.2105,0.41176,0.80715,0.17862,103,0.45617,0.41176,0.3937,0.7424,0.23242,101,0.48212,0.57627,0.49275,0.70038,0.25322,103,0.5307,0.5787,0.5625,0.7148,0.3148,97,0.6129,0.5952,0.5824,0.7379,0.5184,98,0.6165,0.3182,0.5193,0.7483,0.5818,99,0.66508,0.4247,0.59869,0.68765,0.7089
Bosnia and Herzegovina ,84.0,0.40189,0.01587,0.27307,0.84,0.0926,94.0,0.4509,0.0909,0.29431,0.87442,0.18873,74.0,0.46978,0.04285,0.27619,0.88856,0.25047,79,0.53279,0.0,0.37254,0.83414,0.39168,97,0.47069,0.23529,0.28346,0.7288,0.3998,92,0.51183,0.50847,0.44928,0.68151,0.40471,105,0.5303,0.4326,0.4306,0.7217,0.4385,94,0.6372,0.6071,0.5353,0.7468,0.6295,96,0.6256,0.5341,0.4898,0.7489,0.6382,107,0.63293,0.5479,0.50028,0.62219,0.77628
Botswana ,90.0,0.39775,0.04761,0.36923,0.76,0.06403,118.0,0.3647,0.29545,0.21739,0.77301,0.10816,117.0,0.36373,0.1,0.2,0.78806,0.10809,121,0.41863,0.0263,0.35947,0.70908,0.18733,112,0.41984,0.31372,0.30708,0.6555,0.29694,113,0.45315,0.28814,0.28261,0.6553,0.42153,127,0.4253,0.1966,0.2083,0.6694,0.3982,115,0.5383,0.369,0.3647,0.6911,0.5591,118,0.5495,0.1705,0.274,0.6932,0.6814,112,0.61178,0.274,0.39852,0.57194,0.86495
Djibouti ,149.0,0.23806,0.01587,0.17307,0.52,0.02112,157.0,0.2279,0.02272,0.11371,0.55308,0.02023,170.0,0.20586,0.02857,0.04761,0.5599,0.01485,176,0.22283,0.0,0.19607,0.42362,0.04881,184,0.1456,0.07843,0.06299,0.3182,0.05557,187,0.13367,0.0,0.02174,0.30947,0.06979,179,0.2401,0.2697,0.2917,0.3325,0.0961,179,0.2728,0.2143,0.2235,0.3418,0.2531,181,0.2833,0.1136,0.2208,0.3529,0.276,174,0.29105,0.0959,0.20915,0.27996,0.38402
Brazil ,33.0,0.59811,0.49206,0.75,0.88,0.16435,45.0,0.5679,0.45454,0.602,0.8825,0.21812,61.0,0.50058,0.28571,0.36825,0.8837,0.2538,59,0.61673,0.5,0.6732,0.82025,0.35676,57,0.60082,0.70588,0.59842,0.7372,0.46681,51,0.63769,0.72881,0.73188,0.67867,0.5025,44,0.7327,0.9719,0.9236,0.7525,0.522,54,0.7677,0.9048,0.8706,0.7803,0.6522,49,0.791,0.8977,0.8964,0.7953,0.6814,50,0.84026,0.863,0.90631,0.80768,0.80685
Brunei Darussalam ,73.0,0.44753,0.03174,0.24615,0.87,0.22644,87.0,0.4667,0.0909,0.26421,0.87687,0.26525,68.0,0.47955,0.17142,0.28253,0.89176,0.27032,54,0.62502,0.4737,0.59477,0.82525,0.45503,86,0.50424,0.05882,0.3622,0.7815,0.36898,83,0.52981,0.37288,0.50725,0.73098,0.35119,59,0.6923,0.6067,0.7222,0.748,0.6066,60,0.7389,0.5476,0.6353,0.7605,0.8209,68,0.727,0.4773,0.5871,0.7567,0.8372,75,0.75536,0.4658,0.5802,0.69909,0.9868
Bulgaria ,45.0,0.56047,0.25396,0.51923,0.91,0.25219,43.0,0.5719,0.04545,0.48494,0.92622,0.30707,44.0,0.55902,0.3,0.40952,0.93503,0.33704,60,0.61315,0.0263,0.49019,0.84864,0.50062,73,0.54209,0.2549,0.23622,0.796,0.59406,52,0.63764,0.69492,0.56522,0.78747,0.56023,47,0.7177,0.8708,0.7639,0.8106,0.5785,44,0.798,0.8929,0.7706,0.8408,0.7826,52,0.7766,0.7386,0.7092,0.8221,0.7984,55,0.81453,0.6712,0.77271,0.75378,0.91707
Burkina Faso ,172.0,0.13288,0.01587,0.23269,0.16,0.00595,176.0,0.1542,0.20454,0.19397,0.25485,0.0126,178.0,0.15871,0.05714,0.15555,0.30056,0.02012,185,0.15777,0.1579,0.29411,0.13378,0.04541,178,0.18043,0.13725,0.29921,0.1578,0.08423,185,0.15977,0.23729,0.18841,0.16773,0.12318,165,0.3016,0.6236,0.5347,0.2097,0.1603,164,0.3558,0.5119,0.4647,0.2911,0.3117,166,0.3476,0.2273,0.373,0.2768,0.3931,175,0.28946,0.2192,0.33764,0.16677,0.36402
Burundi ,166.0,0.16425,0.0,0.03846,0.45,0.0043,174.0,0.1788,0.04545,0.01337,0.52179,0.00624,174.0,0.20138,0.01428,0.04126,0.5587,0.00904,173,0.22882,0.0,0.15032,0.5188,0.01734,172,0.19278,0.05882,0.01574,0.5393,0.02332,173,0.22771,0.15254,0.15217,0.49788,0.03308,166,0.2985,0.309,0.3056,0.5113,0.0786,168,0.3227,0.3333,0.3529,0.4891,0.126,171,0.3204,0.3409,0.3376,0.4837,0.14,183,0.24805,0.2192,0.3146,0.39655,0.03305
Cambodia ,128.0,0.29891,0.1746,0.23076,0.66,0.00598,139.0,0.2989,0.22727,0.19732,0.69069,0.02032,140.0,0.28784,0.11428,0.1365,0.7019,0.0297,155,0.29021,0.0,0.18954,0.59967,0.08141,139,0.29986,0.19607,0.17322,0.5189,0.20745,158,0.25927,0.0678,0.05072,0.47847,0.24862,145,0.3753,0.1742,0.25,0.5626,0.3132,124,0.5113,0.4167,0.4529,0.5344,0.5466,127,0.5056,0.2841,0.4181,0.538,0.5605,120,0.57536,0.3151,0.45034,0.51489,0.76094
Cameroon ,145.0,0.25,0.03174,0.09615,0.64,0.01386,149.0,0.2734,0.15909,0.13712,0.66044,0.0635,149.0,0.27223,0.15714,0.15238,0.62686,0.0411,147,0.30698,0.0263,0.30065,0.5554,0.06488,144,0.27823,0.15686,0.19685,0.5421,0.09579,155,0.27591,0.16949,0.21739,0.47938,0.13096,136,0.3997,0.3258,0.4583,0.5618,0.179,144,0.4325,0.4167,0.4706,0.5971,0.2299,141,0.4498,0.2841,0.3916,0.5928,0.365,155,0.42935,0.4247,0.39885,0.51925,0.37004
Canada ,8.0,0.84251,0.87301,0.8923,0.98,0.65523,7.0,0.8172,0.61363,0.76588,0.99077,0.69657,3.0,0.84479,0.72857,0.88253,0.9708,0.6799,11,0.84299,0.6842,0.88888,0.92378,0.71631,11,0.84177,0.82352,0.91338,0.8952,0.71676,14,0.82847,0.91525,0.95652,0.85717,0.67173,23,0.8258,0.9101,0.9306,0.8744,0.6724,28,0.842,0.9405,0.8412,0.9029,0.7818,32,0.8511,0.8295,0.8504,0.926,0.777,47,0.84516,0.9178,0.85516,0.87249,0.80782
Cabo Verde ,116.0,0.33464,0.07936,0.17307,0.75,0.08084,104.0,0.4158,0.15909,0.38795,0.76294,0.09727,108.0,0.40537,0.17142,0.26984,0.7858,0.16458,118,0.42974,0.2368,0.4379,0.62452,0.22678,127,0.35505,0.09803,0.16535,0.6032,0.29658,103,0.47418,0.47458,0.45652,0.60313,0.36289,112,0.498,0.427,0.4861,0.6152,0.3926,110,0.5604,0.4167,0.5,0.6337,0.5476,110,0.566,0.25,0.4965,0.6507,0.5507,111,0.62378,0.5479,0.68917,0.56935,0.61278
Central African Republic ,180.0,0.0,0.0,0.0,0.43,0.0028,179.0,0.1412,0.0,0.0,0.42322,0.00454,181.0,0.13989,0.0,0.0,0.4194,0.00452,191,0.0,0.0,0.0,0.34457,0.02973,187,0.12574,0.03921,0.03937,0.3099,0.02799,191,0.07888,0.0,0.0,0.1985,0.03813,188,0.1584,0.2753,0.2083,0.2347,0.0322,190,0.1404,0.1429,0.1294,0.2539,0.038,191,0.1407,0.1364,0.0962,0.2425,0.0833,193,0.0947,0.0822,0.1128,0.1713,0.0
Colombia ,54.0,0.52211,0.5873,0.61538,0.84,0.11096,52.0,0.5317,0.43181,0.55518,0.86918,0.17007,31.0,0.6125,0.44285,0.71111,0.8813,0.2421,43,0.65723,0.7368,0.84313,0.83911,0.28944,50,0.6173,0.88235,0.7874,0.7348,0.32971,57,0.62371,0.76271,0.78986,0.70003,0.38126,61,0.6871,0.9213,0.8819,0.7382,0.4412,67,0.7164,0.869,0.7647,0.7723,0.6122,70,0.7261,0.7159,0.7418,0.7867,0.6498,68,0.7793,0.7397,0.7521,0.77931,0.80654
Comoros ,155.0,0.19736,0.01587,0.05384,0.53,0.00823,170.0,0.1896,0.06818,0.02675,0.53336,0.01368,160.0,0.23268,0.05714,0.02857,0.6553,0.02036,171,0.23577,0.0,0.07843,0.58529,0.04361,177,0.18077,0.03921,0.01574,0.4662,0.06037,176,0.21551,0.01695,0.05072,0.4885,0.10732,182,0.2336,0.0562,0.0972,0.5166,0.0871,177,0.2799,0.119,0.1235,0.4652,0.2511,182,0.2778,0.0114,0.0326,0.471,0.33,180,0.25862,0.0,0.02299,0.39916,0.35368
Congo ,134.0,0.28548,0.03174,0.13461,0.71,0.01185,148.0,0.2737,0.18181,0.07023,0.73584,0.02128,135.0,0.30194,0.15714,0.07936,0.7742,0.05902,157,0.28094,0.0,0.07843,0.63685,0.12753,160,0.25696,0.09803,0.10236,0.5233,0.14526,162,0.24974,0.08475,0.04348,0.53444,0.17132,164,0.3024,0.1854,0.1667,0.5515,0.1889,160,0.3786,0.2738,0.3176,0.5822,0.2361,161,0.3675,0.2386,0.3177,0.5677,0.217,166,0.33912,0.0822,0.27604,0.46375,0.27758
Costa Rica ,70.0,0.46115,0.04761,0.25384,0.87,0.25962,59.0,0.5144,0.36363,0.44147,0.87571,0.22827,71.0,0.47486,0.2,0.30476,0.8826,0.24237,77,0.53971,0.3158,0.49673,0.80894,0.31345,54,0.60614,0.82352,0.61417,0.7582,0.44607,53,0.63142,0.64407,0.63768,0.74364,0.51294,56,0.7004,0.7697,0.6736,0.7933,0.6343,56,0.7576,0.6548,0.6824,0.8428,0.7475,56,0.7659,0.5568,0.6812,0.8593,0.7572,61,0.80089,0.726,0.72169,0.78766,0.89327
CÃ´te d'Ivoire ,160.0,0.18204,0.01587,0.05384,0.47,0.02228,173.0,0.1853,0.0909,0.06354,0.45695,0.03909,144.0,0.28045,0.17142,0.3238,0.454,0.06224,166,0.258,0.1316,0.33333,0.3388,0.10188,171,0.20385,0.17647,0.17322,0.2992,0.13917,175,0.21845,0.15254,0.18841,0.29589,0.17107,172,0.2776,0.1742,0.2222,0.3357,0.2748,139,0.4457,0.4048,0.4529,0.3808,0.5034,120,0.5467,0.375,0.5467,0.5748,0.5186,124,0.55868,0.411,0.52194,0.48484,0.66926
Croatia ,47.0,0.54802,0.1746,0.4423,0.9,0.30176,47.0,0.565,0.13636,0.43143,0.89916,0.36832,35.0,0.5858,0.45714,0.42222,0.91813,0.422,30,0.73284,0.2895,0.64052,0.86152,0.69649,47,0.62817,0.33333,0.46456,0.7928,0.62711,37,0.71624,0.77966,0.74638,0.80498,0.59735,55,0.7018,0.7697,0.6806,0.8196,0.6051,51,0.7745,0.8929,0.7529,0.8414,0.7293,44,0.8106,0.7386,0.8108,0.85,0.7711,32,0.88175,0.9178,0.87347,0.85376,0.91799
Cuba ,103.0,0.36995,0.01587,0.15,0.91,0.04986,111.0,0.399,0.0909,0.21404,0.9572,0.03122,96.0,0.43214,0.11428,0.24126,0.99866,0.06228,110,0.44882,0.0526,0.30718,0.96837,0.07091,116,0.39165,0.35294,0.22834,0.8497,0.09687,131,0.35224,0.32203,0.19565,0.75074,0.11033,134,0.4101,0.2809,0.2986,0.7862,0.1455,140,0.4439,0.3571,0.2588,0.8215,0.2514,136,0.4945,0.1364,0.2789,0.8384,0.3663,139,0.49214,0.0548,0.22982,0.71481,0.53183
Cyprus ,37.0,0.58722,0.07936,0.46153,0.89,0.41014,35.0,0.6019,0.0909,0.47826,0.90387,0.42744,42.0,0.57053,0.48571,0.37142,0.91353,0.43266,45,0.65081,0.0789,0.56209,0.87509,0.51526,58,0.59576,0.31372,0.47244,0.7828,0.53203,64,0.60226,0.52542,0.53623,0.7782,0.49234,36,0.7736,0.8202,0.7847,0.8083,0.7279,18,0.8731,0.9524,0.8706,0.8429,0.9057,27,0.866,0.75,0.7792,0.8934,0.9253,38,0.86187,0.6986,0.82165,0.8698,0.89406
Czech Republic ,29.0,0.63955,0.20634,0.58846,0.92,0.41019,25.0,0.6696,0.20454,0.64548,0.93618,0.42792,33.0,0.60602,0.12857,0.45396,0.9429,0.4258,46,0.64914,0.2632,0.54248,0.88984,0.51511,53,0.60695,0.2549,0.37007,0.8755,0.57532,50,0.64537,0.55932,0.47826,0.86266,0.59518,54,0.7084,0.618,0.6528,0.8752,0.5971,39,0.8135,0.7262,0.7235,0.903,0.814,45,0.8088,0.6023,0.6693,0.9114,0.8456,54,0.82394,0.589,0.70063,0.85082,0.92043
Democratic People's Republic of Korea ,180.0,0.0,0.0,0.0,0.0,0.00569,183.0,0.0,0.0,0.02006,0.0,0.00908,184.0,0.0,0.0,0.01904,0.0,0.0,131,0.36162,0.0,0.11764,0.95601,0.01122,149,0.27526,0.0196,0.00787,0.8007,0.01725,153,0.28008,0.01695,0.02174,0.78223,0.03628,185,0.2159,0.0,0.0,0.615,0.0327,187,0.2235,0.0357,0.0176,0.6402,0.0127,180,0.2859,0.0568,0.1579,0.649,0.0508,184,0.23201,0.0,0.02908,0.49244,0.17452
Democratic Republic of the Congo ,180.0,0.0,0.0,0.0,0.51,0.00212,162.0,0.2177,0.0,0.08695,0.56002,0.00996,158.0,0.2357,0.01428,0.08888,0.60866,0.01399,174,0.22803,0.0263,0.17647,0.4893,0.01831,183,0.15514,0.0196,0.04724,0.3845,0.03369,180,0.18761,0.08475,0.08696,0.39702,0.07884,176,0.2612,0.1236,0.2083,0.5108,0.0645,184,0.258,0.2024,0.1294,0.5303,0.1144,175,0.3057,0.25,0.2341,0.5355,0.1477,179,0.27149,0.2466,0.20671,0.44867,0.15906
Denmark ,2.0,0.90576,0.7619,0.97307,0.98,0.76422,2.0,0.9134,0.93181,1.0,0.99333,0.74414,7.0,0.78722,0.64285,0.67301,0.99333,0.69879,4,0.88885,0.5526,0.8562,0.94888,0.86146,16,0.8162,0.54901,0.66141,0.9132,0.87403,9,0.85102,0.81356,0.77536,0.95303,0.82466,1,0.915,1.0,1.0,0.9472,0.7978,1,0.9758,0.9643,0.9706,0.9588,0.9979,1,0.9717,0.8864,0.9797,0.9559,0.9795,1,0.98474,0.9863,0.99924,0.95841,0.99662
Ethiopia ,171.0,0.13602,0.0,0.01538,0.39,0.00268,172.0,0.1857,0.0,0.17391,0.37959,0.00402,172.0,0.20331,0.04285,0.2,0.40273,0.00731,172,0.23058,0.3421,0.47058,0.21185,0.0093,157,0.25888,0.2549,0.45669,0.2934,0.02659,157,0.26655,0.49153,0.52899,0.22117,0.0495,151,0.3463,0.573,0.6319,0.3094,0.0976,178,0.274,0.3333,0.3647,0.3378,0.1194,179,0.2865,0.1932,0.373,0.3364,0.1501,169,0.31109,0.1644,0.34195,0.32537,0.26592
Fiji ,81.0,0.40813,0.01587,0.28076,0.86,0.08363,105.0,0.4156,0.06818,0.27424,0.87863,0.09822,113.0,0.39253,0.02857,0.18412,0.86016,0.13961,105,0.46715,0.0789,0.35947,0.79858,0.2434,85,0.50437,0.39215,0.3937,0.8322,0.28719,96,0.49886,0.28814,0.41304,0.75091,0.33262,102,0.5348,0.3483,0.4583,0.7899,0.3562,90,0.6585,0.4643,0.5059,0.8227,0.6468,97,0.6235,0.2386,0.4813,0.7957,0.5935,93,0.67544,0.3973,0.53431,0.74131,0.75067
Finland ,9.0,0.82311,0.55555,0.82692,0.99,0.65241,15.0,0.7488,0.27272,0.6321,0.99333,0.62456,19.0,0.6967,0.41428,0.47936,0.99333,0.62399,9,0.85052,0.7368,0.88235,0.9467,0.7225,10,0.84491,0.70588,0.77165,0.9037,0.8594,5,0.88168,0.91525,0.94203,0.94399,0.75903,6,0.8815,1.0,0.9653,0.9509,0.7284,4,0.9452,0.9524,0.9706,0.9549,0.9101,2,0.9533,0.9545,0.9833,0.964,0.9127,9,0.95746,0.8904,0.90973,0.98359,0.97909
Guinea-Bissau ,180.0,0.0,0.0,0.0,0.39,0.01069,177.0,0.1521,0.0,0.02341,0.42089,0.0159,179.0,0.15606,0.07142,0.01587,0.42066,0.03588,182,0.19449,0.0526,0.10457,0.42781,0.05109,182,0.16085,0.0196,0.00787,0.3869,0.08776,181,0.18175,0.16949,0.1087,0.35381,0.08276,187,0.1887,0.1124,0.0764,0.3869,0.1028,186,0.2316,0.0833,0.0647,0.4265,0.2037,186,0.256,0.0795,0.0624,0.3585,0.3472,170,0.30831,0.2192,0.12703,0.30774,0.49023
Guyana ,89.0,0.3985,0.03174,0.18461,0.89,0.12089,97.0,0.4375,0.06818,0.23745,0.94347,0.1375,106.0,0.41398,0.08571,0.18095,0.93956,0.12849,109,0.45489,0.0,0.2549,0.85617,0.2536,124,0.36952,0.33333,0.24409,0.6301,0.23437,126,0.36509,0.25424,0.28261,0.56944,0.24323,124,0.4316,0.3371,0.4306,0.6102,0.2541,129,0.4909,0.4524,0.4647,0.6462,0.3619,123,0.5233,0.2159,0.4509,0.6546,0.4643,128,0.54432,0.2192,0.34549,0.59327,0.69418
Spain ,39.0,0.58474,0.07936,0.3923,0.97,0.39192,20.0,0.7228,0.36363,0.69899,0.98683,0.48336,9.0,0.75156,0.82857,0.76507,0.9792,0.51,23,0.77696,0.5,0.75816,0.94091,0.63179,12,0.84098,0.78431,0.94488,0.9152,0.66288,17,0.8135,0.9322,0.91304,0.87821,0.64926,17,0.8415,0.9831,0.9375,0.8885,0.6986,17,0.8801,0.8452,0.8882,0.8989,0.8531,18,0.8842,0.75,0.8559,0.9072,0.8895,17,0.9206,0.8082,0.90542,0.8961,0.96031
Sierra Leone ,167.0,0.1639,0.06349,0.09615,0.39,0.00557,178.0,0.1463,0.02272,0.05685,0.38098,0.00377,177.0,0.16973,0.0,0.00317,0.49316,0.01792,186,0.15568,0.0526,0.16993,0.25764,0.03948,186,0.13286,0.09803,0.04724,0.2692,0.08211,186,0.15942,0.11864,0.11594,0.24068,0.12163,174,0.2717,0.4101,0.3472,0.3081,0.1597,174,0.2931,0.3929,0.3059,0.3144,0.259,185,0.2633,0.2045,0.2801,0.2459,0.2639,172,0.30422,0.3288,0.38228,0.27185,0.25851
France,23.0,0.69251,0.41269,0.61153,0.96,0.50601,9.0,0.8038,0.93181,0.82943,0.98183,0.59921,10.0,0.75103,0.6,0.68253,0.97723,0.59539,6,0.86349,0.5789,0.87581,0.92442,0.79024,4,0.89384,0.96078,1.0,0.8812,0.80029,10,0.84559,0.89831,0.94203,0.84452,0.75021,9,0.879,0.9663,0.9792,0.8598,0.7979,19,0.8718,0.9048,0.8824,0.8612,0.8719,19,0.8832,0.7159,0.8768,0.8784,0.8944,34,0.87442,0.8082,0.844,0.85645,0.92281
Gabon ,131.0,0.29284,0.0,0.0923,0.72,0.06622,129.0,0.3228,0.04545,0.07692,0.80149,0.09734,123.0,0.34203,0.02857,0.07936,0.84366,0.11101,129,0.36874,0.1053,0.18954,0.75716,0.15952,131,0.3294,0.21568,0.09448,0.6677,0.22601,129,0.35836,0.0678,0.15217,0.61616,0.30676,125,0.4313,0.1685,0.2292,0.6398,0.425,113,0.5401,0.2738,0.3235,0.6719,0.625,115,0.5521,0.2045,0.3578,0.6706,0.6279,121,0.57408,0.1233,0.31875,0.57723,0.8263
Gambia ,163.0,0.17364,0.04761,0.09615,0.4,0.02478,159.0,0.2253,0.02272,0.17391,0.45043,0.05304,167.0,0.21169,0.01428,0.08253,0.4609,0.09554,161,0.26884,0.0,0.32026,0.35189,0.13437,167,0.22851,0.21568,0.20472,0.3326,0.14816,167,0.23963,0.20339,0.19565,0.32736,0.19589,168,0.2958,0.2865,0.2708,0.3539,0.2627,181,0.263,0.0357,0.0294,0.363,0.3967,174,0.3088,0.2386,0.1455,0.3301,0.4508,181,0.25517,0.1781,0.09551,0.28231,0.38766
Georgia (Country),83.0,0.40337,0.01587,0.21153,0.89,0.10857,90.0,0.4598,0.04545,0.35451,0.92099,0.10717,100.0,0.42476,0.05714,0.24761,0.91563,0.11642,72,0.55628,0.2105,0.6013,0.83475,0.23279,56,0.60468,0.58823,0.59842,0.7895,0.42613,61,0.61079,0.55932,0.63768,0.77631,0.41839,60,0.6893,0.6236,0.6944,0.8333,0.5403,65,0.7174,0.6429,0.5882,0.8717,0.6923,60,0.7501,0.5341,0.6111,0.8984,0.7409,69,0.77923,0.5616,0.56522,0.86539,0.90713
Germany ,11.0,0.80497,0.55555,0.8423,0.95,0.6226,22.0,0.7136,0.15909,0.57525,0.95318,0.61644,15.0,0.73085,0.61428,0.5492,0.95333,0.69553,17,0.80788,0.7632,0.75163,0.89705,0.77497,21,0.7864,0.70588,0.66929,0.8862,0.80377,15,0.82099,0.76271,0.84058,0.88825,0.73415,12,0.8765,0.9213,0.9306,0.9036,0.7952,25,0.8524,0.75,0.7353,0.9362,0.8856,22,0.877,0.7273,0.7905,0.9446,0.8957,12,0.93821,0.9726,0.92384,0.96724,0.92359
Ghana ,133.0,0.28662,0.03174,0.18846,0.65,0.02141,138.0,0.2997,0.20454,0.29431,0.5641,0.04092,147.0,0.27537,0.08571,0.1492,0.6215,0.05924,145,0.3159,0.1053,0.30065,0.53601,0.11105,123,0.37354,0.39215,0.31496,0.5613,0.24438,120,0.41815,0.45763,0.44928,0.54581,0.25936,101,0.539,0.6292,0.6944,0.5669,0.3558,101,0.596,0.631,0.6353,0.593,0.5596,106,0.5824,0.4545,0.5361,0.6176,0.5934,108,0.63169,0.5342,0.60837,0.55857,0.72814
Greece ,35.0,0.5921,0.15873,0.51153,0.95,0.31478,44.0,0.5718,0.0909,0.41471,0.96979,0.33561,41.0,0.57075,0.25714,0.35555,0.98036,0.38287,37,0.68716,0.3421,0.57516,0.93317,0.55314,34,0.71176,0.80392,0.60629,0.8741,0.65487,43,0.691,0.61017,0.57971,0.89012,0.60318,35,0.7833,0.8764,0.8194,0.8867,0.6439,42,0.8021,0.7857,0.7059,0.8905,0.81,33,0.8455,0.6136,0.7753,0.9405,0.8206,36,0.86737,0.6712,0.81453,0.9219,0.86568
Grenada ,95.0,0.38794,0.0,0.08846,0.85,0.22538,92.0,0.4545,0.0,0.27424,0.88363,0.21121,99.0,0.42768,0.14285,0.1873,0.8622,0.24083,75,0.54794,0.2105,0.35294,0.88954,0.40136,78,0.52197,0.39215,0.34645,0.8166,0.40289,88,0.5168,0.32203,0.36957,0.78205,0.3988,89,0.593,0.4888,0.4931,0.8202,0.4658,102,0.5812,0.3333,0.3412,0.8576,0.5449,66,0.7277,0.2045,0.5507,0.8977,0.7348,104,0.64577,0.2466,0.50555,0.75501,0.67674
Guatemala ,100.0,0.37766,0.26984,0.43461,0.65,0.04839,99.0,0.4283,0.04545,0.47491,0.68495,0.12366,112.0,0.39368,0.31428,0.30793,0.7229,0.15282,112,0.43903,0.2368,0.46405,0.62839,0.22465,133,0.31603,0.19607,0.1496,0.5272,0.27125,102,0.47898,0.62712,0.66667,0.5345,0.23576,113,0.4974,0.618,0.6458,0.5524,0.2941,121,0.5155,0.5,0.5118,0.552,0.4828,126,0.5111,0.3295,0.5409,0.5596,0.4328,122,0.57383,0.4658,0.65379,0.4834,0.58427
Guinea ,170.0,0.13956,0.0,0.03846,0.37,0.01022,180.0,0.1402,0.04545,0.07023,0.34685,0.00557,180.0,0.14261,0.02857,0.03492,0.36766,0.02851,191,0.0,0.0,0.0,0.26957,0.0491,190,0.09543,0.0196,0.0,0.2359,0.05044,189,0.1226,0.08475,0.08696,0.1903,0.09055,181,0.2348,0.3539,0.3125,0.2406,0.1513,183,0.2592,0.3095,0.2176,0.2591,0.3008,162,0.3608,0.2841,0.4421,0.2955,0.3448,160,0.40059,0.5068,0.48081,0.28868,0.4323
Haiti ,180.0,0.0,0.0,0.0,0.52,0.0157,165.0,0.2097,0.02272,0.06354,0.542,0.02797,169.0,0.20741,0.0,0.01904,0.542,0.06691,187,0.15115,0.0,0.0915,0.29215,0.06979,176,0.18086,0.17647,0.11023,0.3372,0.09521,178,0.19314,0.13559,0.16667,0.3124,0.10036,163,0.3047,0.4831,0.4444,0.362,0.1078,180,0.2723,0.2262,0.1882,0.3839,0.2449,187,0.2481,0.1023,0.0865,0.393,0.2646,186,0.21165,0.0959,0.13785,0.28834,0.20874
Honduras ,115.0,0.33475,0.26984,0.22307,0.74,0.04119,110.0,0.4048,0.27272,0.37123,0.77072,0.07359,107.0,0.40646,0.12857,0.29523,0.8007,0.12683,117,0.43413,0.1316,0.37908,0.70603,0.21729,114,0.40826,0.33333,0.40157,0.6281,0.19514,127,0.3611,0.38983,0.31159,0.57087,0.20082,123,0.4474,0.5449,0.5139,0.6015,0.2268,138,0.4486,0.4881,0.4647,0.5568,0.3244,155,0.394,0.1023,0.2417,0.5901,0.3501,142,0.48559,0.3014,0.45874,0.51818,0.47992
Hungary ,27.0,0.65358,0.38095,0.70384,0.95,0.30691,30.0,0.6494,0.20454,0.61705,0.96043,0.37162,27.0,0.63147,0.31428,0.50476,0.9597,0.4338,31,0.72014,0.4474,0.68627,0.9065,0.56766,39,0.66374,0.45098,0.55905,0.8668,0.56536,46,0.67455,0.49153,0.63043,0.8317,0.5615,45,0.7265,0.7079,0.7361,0.8364,0.6071,52,0.7745,0.6786,0.7471,0.8509,0.7255,51,0.7827,0.5114,0.7465,0.8345,0.7671,59,0.8043,0.5479,0.71437,0.8703,0.82821
Iceland ,15.0,0.77936,0.12698,0.60769,0.96,0.77038,21.0,0.7176,0.06818,0.46153,0.97789,0.72099,22.0,0.66971,0.04285,0.39682,0.9811,0.63948,22,0.78354,0.1579,0.54248,0.93099,0.87716,19,0.797,0.49019,0.61417,0.9178,0.85906,27,0.76619,0.66102,0.62319,0.89401,0.78137,19,0.8316,0.6854,0.7292,0.9365,0.8292,12,0.9101,0.7738,0.7941,0.9525,0.9838,5,0.941,0.7955,0.8867,0.9657,0.9705,5,0.96707,0.9589,0.90755,0.99531,0.99829
India ,87.0,0.40013,0.15873,0.58269,0.59,0.0277,113.0,0.3814,0.25,0.47826,0.6195,0.0435,119.0,0.35673,0.2,0.36825,0.64326,0.05832,125,0.38287,0.1842,0.53594,0.50249,0.11017,118,0.38343,0.62745,0.5433,0.4698,0.13723,107,0.46375,0.76271,0.74638,0.50189,0.14298,96,0.5669,0.9551,0.9514,0.5484,0.2009,100,0.5964,0.8571,0.8529,0.5848,0.3515,105,0.5883,0.5909,0.7934,0.5761,0.3954,97,0.66776,0.6575,0.81842,0.61487,0.57004
Indonesia ,96.0,0.38186,0.28571,0.29615,0.8,0.04944,106.0,0.4107,0.04545,0.33444,0.82992,0.07015,109.0,0.40264,0.12857,0.24444,0.854,0.11429,97,0.49486,0.2105,0.49673,0.79819,0.18966,106,0.44874,0.29411,0.3622,0.6786,0.30544,116,0.44784,0.37288,0.36232,0.6796,0.30158,107,0.5258,0.618,0.5694,0.6857,0.3222,88,0.6612,0.75,0.6824,0.7342,0.5669,77,0.716,0.7159,0.7644,0.7438,0.6397,64,0.79911,0.7945,0.80346,0.72934,0.86448
Iran (Islamic Republic of) ,98.0,0.38133,0.03174,0.29615,0.74,0.10786,108.0,0.4067,0.0909,0.25752,0.79232,0.17466,102.0,0.42343,0.07142,0.26666,0.79266,0.21571,100,0.48762,0.1842,0.49019,0.70888,0.2638,105,0.45075,0.29411,0.37007,0.6882,0.29401,106,0.46494,0.20339,0.33333,0.71014,0.35136,86,0.6083,0.5281,0.6319,0.7364,0.4566,89,0.6593,0.4643,0.5882,0.7686,0.621,91,0.6433,0.1818,0.4196,0.7804,0.73,101,0.65639,0.1781,0.37729,0.69316,0.89869
Slovenia ,26.0,0.67615,0.22222,0.5923,0.96,0.47617,26.0,0.6681,0.22727,0.50167,0.97883,0.52886,29.0,0.62426,0.51428,0.4,0.977,0.50259,25,0.74921,0.2105,0.66666,0.93003,0.65093,41,0.65054,0.39215,0.42519,0.9072,0.61925,21,0.77691,0.72881,0.84783,0.89517,0.58774,37,0.7714,0.8146,0.7986,0.8923,0.6232,23,0.8546,0.8571,0.8529,0.9256,0.7853,21,0.8781,0.75,0.8666,0.9439,0.8239,33,0.87589,0.7808,0.86396,0.85298,0.91072
Solomon Islands ,140.0,0.26685,0.0,0.1,0.68,0.02056,147.0,0.2748,0.02272,0.14046,0.66945,0.01866,156.0,0.24454,0.01428,0.04444,0.67626,0.01898,168,0.24162,0.0263,0.13071,0.57432,0.01983,170,0.20871,0.07843,0.05511,0.4702,0.10084,164,0.24062,0.22034,0.16667,0.4402,0.11498,169,0.2816,0.2135,0.2431,0.4732,0.1285,166,0.3442,0.3214,0.3235,0.4985,0.2106,165,0.353,0.2159,0.3676,0.4925,0.1988,164,0.36811,0.3699,0.49696,0.42624,0.18109
Somalia ,180.0,0.0,0.0,0.0,0.0,0.00726,183.0,0.0,0.0,0.0,0.0,0.01444,184.0,0.0,0.0,0.0,0.0,0.0122,190,0.06398,0.0789,0.183,0.0,0.00895,193,0.01387,0.03921,0.01574,0.0,0.02588,193,0.02699,0.0339,0.01449,0.0,0.06649,193,0.0566,0.1348,0.1111,0.0,0.0586,191,0.1293,0.3571,0.2941,0.0,0.0939,192,0.134,0.25,0.2944,0.0,0.1074,191,0.14677,0.2877,0.2971,0.0,0.14324
South Africa ,58.0,0.50754,0.30158,0.56923,0.83,0.12339,61.0,0.5115,0.25,0.55183,0.80612,0.17519,97.0,0.43057,0.18571,0.30793,0.8432,0.14431,101,0.48687,0.1579,0.45751,0.78173,0.22136,93,0.48688,0.33333,0.38582,0.7282,0.34662,76,0.55463,0.55932,0.55797,0.72526,0.38065,68,0.6618,0.8483,0.8333,0.7291,0.4231,78,0.6891,0.75,0.7471,0.7371,0.5832,65,0.7357,0.5909,0.7487,0.7733,0.685,40,0.86162,0.8356,0.88721,0.80257,0.89512
Sri Lanka ,94.0,0.39504,0.04761,0.31923,0.83,0.03589,101.0,0.4244,0.06818,0.39464,0.81371,0.06562,111.0,0.39949,0.14285,0.26031,0.83426,0.10812,115,0.43566,0.0789,0.37908,0.73566,0.19223,74,0.54176,0.64705,0.65354,0.7376,0.23412,79,0.54454,0.66102,0.65217,0.73691,0.24453,94,0.5751,0.6292,0.6667,0.7451,0.3136,85,0.6708,0.7143,0.7176,0.766,0.5289,95,0.6285,0.3523,0.5644,0.7726,0.5483,98,0.66668,0.411,0.54937,0.65704,0.79359
Sudan ,150.0,0.23695,0.03174,0.16153,0.52,0.02931,161.0,0.2186,0.20454,0.06354,0.53069,0.06638,154.0,0.25417,0.1,0.15555,0.53886,0.07107,165,0.26095,0.0789,0.2549,0.45548,0.07248,154,0.26062,0.2745,0.29133,0.3059,0.18466,161,0.25389,0.25424,0.21739,0.35814,0.18613,180,0.2394,0.1404,0.1528,0.3873,0.178,170,0.3154,0.2143,0.3059,0.3559,0.2844,176,0.2972,0.0455,0.2118,0.3599,0.3199,178,0.27594,0.0685,0.1293,0.25932,0.43922
Suriname ,110.0,0.34492,0.0,0.05,0.87,0.11477,123.0,0.3472,0.0,0.03678,0.8542,0.16002,127.0,0.32826,0.0,0.02222,0.85053,0.12131,116,0.43442,0.0,0.16339,0.78206,0.35781,115,0.40446,0.13725,0.14173,0.6749,0.39678,110,0.45462,0.33898,0.2971,0.65514,0.41161,116,0.4773,0.2416,0.2917,0.6808,0.4595,122,0.5154,0.25,0.2882,0.7098,0.5482,108,0.5809,0.2045,0.3418,0.6921,0.7089,106,0.63655,0.2877,0.48137,0.55684,0.87141
Eswatini,108.0,0.35929,0.03174,0.2923,0.74,0.04556,125.0,0.3454,0.11363,0.25083,0.72973,0.05841,145.0,0.2757,0.0,0.0,0.77423,0.06123,144,0.31786,0.0526,0.14379,0.69731,0.1125,138,0.30558,0.15686,0.13385,0.62,0.16288,136,0.34122,0.25424,0.27536,0.58818,0.16012,141,0.382,0.3315,0.375,0.5939,0.1772,128,0.4938,0.4524,0.4882,0.6392,0.3539,141,0.4498,0.1477,0.324,0.6703,0.355,113,0.60812,0.3836,0.45574,0.58357,0.78511
Uzbekistan ,79.0,0.41135,0.03174,0.27307,0.91,0.051,109.0,0.4057,0.0909,0.27424,0.90882,0.03811,87.0,0.44975,0.31428,0.37777,0.8883,0.08538,91,0.50991,0.2368,0.49673,0.82554,0.20748,100,0.46951,0.47058,0.44881,0.7264,0.23334,80,0.54335,0.67797,0.68841,0.69535,0.2463,81,0.6207,0.7584,0.7917,0.7396,0.3307,87,0.6665,0.8095,0.7824,0.7434,0.4736,69,0.7265,0.6136,0.744,0.7778,0.6575,63,0.7999,0.6986,0.76484,0.75801,0.87687
Vanuatu ,165.0,0.16643,0.01587,0.05,0.42,0.02931,154.0,0.251,0.02272,0.0301,0.70476,0.02478,155.0,0.25212,0.01428,0.01269,0.71336,0.03755,135,0.3512,0.0526,0.22222,0.65311,0.17826,159,0.25705,0.17647,0.07874,0.5736,0.11882,149,0.3078,0.20339,0.16667,0.58835,0.16837,137,0.399,0.4382,0.4375,0.5675,0.192,142,0.4403,0.3929,0.3353,0.6012,0.3845,135,0.4988,0.3409,0.4228,0.6009,0.4727,129,0.54271,0.4658,0.47692,0.53474,0.61652
Venezuela ,55.0,0.51608,0.42857,0.57692,0.86,0.11133,62.0,0.5095,0.3409,0.46822,0.87159,0.18995,70.0,0.47736,0.14285,0.30476,0.90043,0.23212,71,0.55854,0.2632,0.48366,0.87049,0.32146,67,0.55639,0.56862,0.55118,0.7685,0.34948,90,0.51285,0.40678,0.43478,0.74981,0.35395,106,0.5287,0.4045,0.4097,0.7615,0.4148,118,0.5268,0.2381,0.3176,0.7807,0.482,128,0.5053,0.125,0.3056,0.8181,0.3923,131,0.53603,0.2192,0.35756,0.71149,0.53905
Viet Nam ,105.0,0.36398,0.12698,0.22307,0.82,0.04888,91.0,0.4558,0.52272,0.44481,0.81497,0.10807,90.0,0.44544,0.08571,0.30476,0.80976,0.22606,83,0.52169,0.1053,0.42483,0.74336,0.39689,99,0.47045,0.49019,0.41732,0.6148,0.37923,89,0.51426,0.69492,0.57246,0.59888,0.37145,88,0.5931,0.691,0.7361,0.6543,0.389,86,0.6667,0.7024,0.6529,0.6779,0.6694,86,0.6787,0.5341,0.6484,0.6903,0.6973,71,0.77092,0.6027,0.70811,0.72665,0.87797
Sweden ,3.0,0.8983,0.57142,0.86538,0.99,0.83952,1.0,0.9157,0.65909,0.98327,0.97756,0.78415,12.0,0.74744,0.48571,0.52698,0.9698,0.75222,7,0.8599,0.6842,0.84313,0.91406,0.8225,14,0.8225,0.60784,0.70078,0.8802,0.88656,6,0.87039,0.76271,0.87681,0.92096,0.81339,5,0.8882,0.9382,0.9444,0.9366,0.7835,6,0.9365,0.8214,0.9,0.9471,0.9625,5,0.941,0.7273,0.9002,0.9649,0.958,14,0.93262,0.7945,0.88361,0.92745,0.98679
Switzerland ,17.0,0.75479,0.42857,0.60384,0.95,0.71053,12.0,0.7626,0.40909,0.55852,0.94551,0.79002,18.0,0.7136,0.2,0.44444,0.9358,0.76872,15,0.81341,0.3421,0.6732,0.88881,0.87823,30,0.7267,0.37254,0.50393,0.8562,0.81992,28,0.75246,0.57627,0.60145,0.85794,0.79799,15,0.852,0.8427,0.8472,0.866,0.8428,16,0.8907,0.9048,0.8294,0.8946,0.9482,23,0.8752,0.7045,0.7677,0.9128,0.945,26,0.90035,0.8219,0.8408,0.90264,0.95757
Syrian Arab Republic ,132.0,0.28705,0.0,0.06538,0.75,0.04577,119.0,0.3614,0.04545,0.2408,0.75486,0.09233,133.0,0.31027,0.01428,0.04126,0.77686,0.12085,128,0.37049,0.0263,0.22875,0.68756,0.19515,135,0.31341,0.09803,0.15748,0.5835,0.19924,137,0.34041,0.45763,0.32609,0.48644,0.2087,152,0.3459,0.3652,0.2986,0.486,0.2532,131,0.4763,0.5119,0.5412,0.5073,0.3804,156,0.3872,0.0682,0.3053,0.4983,0.3581,162,0.38876,0.0685,0.30678,0.41689,0.44256
Tajikistan ,117.0,0.33457,0.0,0.06153,0.9,0.04219,132.0,0.315,0.0,0.03678,0.89932,0.01723,122.0,0.34766,0.02857,0.08888,0.9005,0.06145,122,0.40687,0.0,0.24183,0.83134,0.14744,129,0.33951,0.11764,0.06299,0.7249,0.23062,139,0.33663,0.20339,0.12319,0.70012,0.18658,131,0.422,0.3876,0.3403,0.7002,0.2254,133,0.4649,0.3452,0.3176,0.7274,0.3496,129,0.5039,0.25,0.3968,0.738,0.377,123,0.56055,0.274,0.4476,0.65305,0.58098
Thailand ,46.0,0.55175,0.25396,0.66538,0.86,0.12987,64.0,0.5031,0.29545,0.50501,0.85319,0.15099,76.0,0.46529,0.08571,0.33333,0.89193,0.1746,92,0.50927,0.3158,0.5098,0.78193,0.23608,102,0.46308,0.54901,0.44094,0.664,0.28428,77,0.55222,0.59322,0.55072,0.69418,0.41175,73,0.6543,0.6517,0.6389,0.7903,0.5338,57,0.7565,0.7738,0.7941,0.7751,0.7004,55,0.766,0.7841,0.7763,0.7879,0.7338,52,0.8351,0.7534,0.76105,0.8032,0.94101
North Macedonia,69.0,0.46328,0.12698,0.39615,0.87,0.1237,73.0,0.4866,0.02272,0.35785,0.87445,0.23135,52.0,0.52611,0.21428,0.32063,0.8835,0.38042,70,0.55865,0.1316,0.45098,0.81147,0.4135,96,0.47198,0.21568,0.24409,0.7198,0.45207,69,0.58855,0.61017,0.6087,0.68766,0.46928,79,0.6312,0.7022,0.7153,0.6924,0.4859,72,0.7083,0.8333,0.7412,0.7395,0.6442,80,0.7,0.6932,0.702,0.7562,0.6417,84,0.70704,0.5753,0.66415,0.70233,0.75459
Timor-Leste,144.0,0.25115,0.01587,0.11346,0.64,0.0,155.0,0.2462,0.0,0.16053,0.5741,0.00664,162.0,0.22727,0.01428,0.13333,0.54453,0.00679,170,0.23653,0.0,0.21568,0.42904,0.06487,161,0.25276,0.29411,0.20472,0.4831,0.07042,160,0.25817,0.27119,0.21739,0.48429,0.07284,142,0.3816,0.2697,0.3125,0.5387,0.2937,134,0.4649,0.4881,0.4412,0.5599,0.3935,147,0.4372,0.4773,0.3931,0.5546,0.364,159,0.40202,0.3288,0.34056,0.51036,0.35506
Togo ,152.0,0.22735,0.0,0.03076,0.62,0.03128,160.0,0.2191,0.20454,0.08695,0.53809,0.03636,165.0,0.21497,0.1,0.06984,0.53416,0.04532,178,0.21428,0.0526,0.13725,0.43115,0.07444,162,0.24463,0.09803,0.11023,0.5401,0.08359,147,0.30962,0.38983,0.31884,0.50563,0.10439,138,0.3989,0.5449,0.5556,0.5058,0.1353,147,0.4302,0.5119,0.5,0.5373,0.2532,151,0.4231,0.3864,0.4338,0.5508,0.2848,161,0.39198,0.4521,0.44721,0.48134,0.24736
Tonga ,104.0,0.36804,0.01587,0.12692,0.93,0.04721,112.0,0.395,0.04545,0.17391,0.9263,0.09141,116.0,0.36965,0.01428,0.06984,0.92123,0.12698,111,0.44047,0.0263,0.24183,0.87271,0.20689,98,0.47057,0.33333,0.34645,0.8304,0.23482,105,0.46996,0.35593,0.36957,0.81015,0.23015,109,0.5237,0.4663,0.4722,0.8039,0.2951,108,0.5616,0.369,0.3765,0.8283,0.48,124,0.5155,0.2614,0.3296,0.8675,0.3496,134,0.51639,0.3288,0.32204,0.74877,0.47841
Trinidad and Tobago ,66.0,0.47678,0.07936,0.36346,0.87,0.1969,54.0,0.5307,0.20454,0.44481,0.87196,0.27805,67.0,0.48061,0.12857,0.33968,0.87606,0.23036,67,0.57309,0.0789,0.48366,0.78298,0.45264,91,0.49317,0.31372,0.3307,0.6945,0.45429,70,0.57801,0.44068,0.52899,0.70772,0.49731,78,0.644,0.5787,0.6389,0.7195,0.5735,81,0.6785,0.619,0.6118,0.7434,0.6803,93,0.6339,0.2386,0.4892,0.7409,0.6717,86,0.69726,0.3288,0.59989,0.71739,0.77454
Tunisia ,121.0,0.33103,0.0,0.15384,0.74,0.09925,124.0,0.3458,0.02272,0.13043,0.74978,0.16359,66.0,0.48257,0.3,0.48253,0.77103,0.19415,103,0.48327,0.3684,0.47712,0.68414,0.28856,75,0.53895,0.64705,0.63779,0.6717,0.30741,72,0.56823,0.69492,0.71739,0.6397,0.34761,80,0.6254,0.7978,0.8056,0.664,0.4066,91,0.6526,0.6905,0.6235,0.6974,0.6369,88,0.653,0.5455,0.6031,0.6911,0.6646,87,0.69348,0.4521,0.59507,0.64965,0.83566
TÃ¼rkiye,60.0,0.49595,0.28571,0.52307,0.8,0.16479,76.0,0.4834,0.13636,0.4214,0.81155,0.21911,69.0,0.478,0.21428,0.34603,0.83386,0.2581,80,0.52812,0.0526,0.46405,0.77256,0.34777,71,0.54428,0.49019,0.55905,0.7133,0.36048,68,0.58995,0.62712,0.60145,0.79096,0.37745,53,0.7112,0.8596,0.8889,0.8148,0.4298,53,0.7718,0.8929,0.8588,0.8287,0.628,48,0.7983,0.7841,0.86,0.8722,0.6626,27,0.89131,0.863,0.92253,0.91923,0.83221
Turkmenistan ,180.0,0.0,0.0,0.0,0.93,0.03745,128.0,0.3262,0.02272,0.04682,0.90185,0.03824,130.0,0.32258,0.0,0.02857,0.90666,0.04142,126,0.3813,0.0,0.18954,0.84042,0.11394,128,0.35109,0.11764,0.08661,0.7478,0.21885,140,0.33369,0.0678,0.08696,0.65826,0.25586,147,0.3652,0.1124,0.1319,0.6626,0.3011,158,0.4034,0.2024,0.1765,0.6783,0.3555,137,0.4808,0.1023,0.298,0.7892,0.3551,145,0.47569,0.0411,0.25064,0.66137,0.51512
Tuvalu ,178.0,0.03702,0.0,0.02692,0.0,0.08413,183.0,0.0,0.0,0.04013,0.0,0.08931,184.0,0.0,0.0,0.01269,0.0,0.17169,134,0.35389,0.0,0.05228,0.82275,0.18663,137,0.3059,0.11764,0.03937,0.7022,0.17611,151,0.295,0.0,0.02174,0.66514,0.19813,144,0.3779,0.2191,0.2222,0.6422,0.2693,151,0.4209,0.3571,0.3,0.6821,0.2807,158,0.3788,0.1705,0.2265,0.6492,0.2607,158,0.40425,0.0685,0.19438,0.54634,0.47197
Uganda ,125.0,0.30814,0.04761,0.21538,0.7,0.00904,133.0,0.3133,0.0909,0.26755,0.65525,0.01835,142.0,0.28123,0.07142,0.10158,0.69966,0.0479,143,0.31854,0.0789,0.29411,0.58829,0.07322,156,0.25926,0.13725,0.1496,0.5271,0.10108,128,0.35992,0.49153,0.5,0.46684,0.11293,135,0.4055,0.6236,0.5694,0.4906,0.1566,137,0.4499,0.5714,0.5824,0.5395,0.2278,144,0.4424,0.4091,0.5169,0.5631,0.2472,150,0.44636,0.4384,0.60691,0.50229,0.2299
Ukraine,48.0,0.54561,0.36507,0.58076,0.94,0.11607,41.0,0.5728,0.56818,0.53511,0.95083,0.23357,54.0,0.51808,0.25714,0.34603,0.96473,0.24869,68,0.5653,0.1579,0.42483,0.91758,0.35349,87,0.50316,0.43137,0.26771,0.8616,0.38016,62,0.60756,0.74576,0.58696,0.83895,0.39677,82,0.6165,0.6854,0.5694,0.8436,0.4364,69,0.7119,0.8095,0.6824,0.8591,0.5942,46,0.8029,0.6023,0.8148,0.8669,0.727,30,0.88407,1.0,0.98536,0.82402,0.84278
United Arab Emirates ,42.0,0.57182,0.12698,0.61153,0.74,0.36394,32.0,0.6301,0.29545,0.71571,0.79078,0.38134,49.0,0.53494,0.12857,0.25079,0.8192,0.54343,28,0.73442,0.7368,0.86274,0.78368,0.55684,32,0.71358,0.84313,0.88188,0.6657,0.59319,29,0.75153,0.74576,0.8913,0.67516,0.68813,21,0.8295,0.9438,0.9444,0.6877,0.8564,21,0.8555,0.9405,0.9,0.732,0.9344,13,0.901,0.7841,0.9014,0.8711,0.9306,11,0.95328,0.7808,0.91627,0.94355,1.0
United Kingdom of Great Britain and Northern Ireland,4.0,0.87773,1.0,0.99615,0.99,0.64705,10.0,0.7872,0.43181,0.6923,0.96994,0.70222,4.0,0.81466,0.77142,0.7746,0.95423,0.71637,3,0.89603,0.9211,0.97385,0.90074,0.81351,8,0.86948,0.96078,0.89763,0.8574,0.8534,1,0.91928,1.0,1.0,0.94018,0.81766,4,0.8999,0.9831,0.9792,0.92,0.8004,7,0.9358,0.9762,0.9588,0.9292,0.9195,11,0.9138,0.9545,0.8859,0.9369,0.9186,7,0.95773,0.9726,0.95349,0.94498,0.97467
United Republic of Tanzania ,127.0,0.30198,0.03174,0.275,0.62,0.01095,143.0,0.2929,0.02272,0.22575,0.6309,0.02405,137.0,0.29259,0.04285,0.1746,0.67306,0.03368,139,0.3311,0.0789,0.35294,0.55642,0.08394,146,0.27642,0.39215,0.29921,0.4492,0.08082,130,0.35326,0.59322,0.57246,0.39736,0.08996,139,0.3929,0.618,0.5625,0.4759,0.1403,152,0.4206,0.5595,0.5529,0.4659,0.243,153,0.4169,0.2727,0.47,0.51,0.2709,153,0.43272,0.2877,0.4791,0.43987,0.37921
United States of America ,1.0,0.90619,0.90476,1.0,0.97,0.74859,4.0,0.8644,1.0,0.95317,0.97108,0.66634,2.0,0.85103,0.75714,0.9365,0.9691,0.6449,5,0.86873,0.9211,1.0,0.92023,0.68596,7,0.87483,0.92156,0.94488,0.939,0.74059,12,0.84201,0.89831,0.92754,0.88155,0.71696,11,0.8769,0.9831,0.9861,0.8883,0.7564,9,0.9297,1.0,0.9471,0.9239,0.9182,10,0.9151,0.9091,0.9304,0.9276,0.8874,19,0.91945,0.9452,0.91358,0.88424,0.96052
Uruguay ,49.0,0.53869,0.06349,0.45,0.94,0.22607,48.0,0.5645,0.06818,0.50836,0.94165,0.24531,36.0,0.58477,0.25714,0.47936,0.95986,0.31829,50,0.63151,0.1842,0.54901,0.90131,0.4442,26,0.74195,0.98039,0.85039,0.8148,0.5607,34,0.72367,0.71186,0.77536,0.78201,0.61365,34,0.7858,0.9157,0.8889,0.7719,0.6967,26,0.85,0.8571,0.8412,0.8514,0.8574,35,0.8388,0.5909,0.7641,0.898,0.8543,25,0.90059,0.863,0.88321,0.87488,0.94374
Yemen ,154.0,0.21249,0.0,0.09615,0.5,0.04134,164.0,0.2142,0.0,0.07357,0.54462,0.0286,164.0,0.21541,0.04285,0.04761,0.57393,0.02979,167,0.24724,0.0,0.17647,0.46415,0.10111,150,0.27199,0.2745,0.30708,0.384,0.12486,174,0.22478,0.13559,0.14493,0.38288,0.14655,186,0.2154,0.118,0.0972,0.4037,0.1454,173,0.3045,0.3095,0.3235,0.4142,0.1757,178,0.2899,0.1932,0.3393,0.3633,0.1671,185,0.23175,0.1507,0.13774,0.26704,0.29045
Zambia ,180.0,0.0,0.0,0.0,0.68,0.02304,158.0,0.2266,0.0,0.0,0.65489,0.03164,143.0,0.28098,0.0,0.10476,0.70083,0.04269,154,0.29102,0.0263,0.31372,0.4993,0.06005,163,0.23893,0.17647,0.14173,0.4504,0.12471,132,0.35069,0.35593,0.36957,0.56434,0.11815,133,0.4111,0.3989,0.4792,0.5689,0.1853,148,0.4242,0.3095,0.2588,0.6745,0.3394,131,0.5022,0.375,0.4414,0.6744,0.3909,130,0.54237,0.411,0.49584,0.62252,0.5088
Zimbabwe ,120.0,0.33161,0.0,0.16538,0.79,0.03946,137.0,0.3,0.0,0.08695,0.77046,0.04915,129.0,0.32304,0.02857,0.12698,0.78946,0.05862,133,0.35831,0.0263,0.30065,0.66438,0.10991,126,0.35845,0.45098,0.30708,0.5445,0.22376,134,0.34722,0.28814,0.26087,0.56412,0.21666,146,0.3692,0.2753,0.3264,0.5668,0.2144,126,0.5019,0.4524,0.5235,0.6135,0.3688,138,0.4717,0.2273,0.3845,0.6463,0.3843,149,0.44807,0.274,0.41003,0.5395,0.39471
South Sudan,,0.0,0.0,0.0,0.0,0.0,,0.0,0.0,0.0,0.0,0.0,,0.0,0.0,0.0,0.0,0.0,175,0.22392,0.0,0.14379,0.45548,0.07248,185,0.14184,0.05882,0.00787,0.4035,0.01411,183,0.17909,0.10169,0.12319,0.36066,0.05341,191,0.1214,0.0899,0.1111,0.2269,0.0262,193,0.0875,0.0238,0.0,0.1973,0.0652,193,0.0852,0.0,0.0518,0.2038,0.0,192,0.11907,0.1096,0.15041,0.15212,0.05473
Rwanda ,143.0,0.25297,0.01587,0.11538,0.64,0.00354,141.0,0.2941,0.0909,0.27424,0.60225,0.00639,148.0,0.27494,0.02857,0.1746,0.63293,0.02034,140,0.32913,0.0263,0.33986,0.58611,0.06142,125,0.35888,0.5098,0.51181,0.482,0.08284,138,0.33904,0.49153,0.45652,0.45219,0.1084,120,0.459,0.7584,0.7222,0.4815,0.1733,130,0.4789,0.631,0.6176,0.5261,0.2931,119,0.5489,0.6364,0.7935,0.5322,0.3209,118,0.57993,0.7534,0.82065,0.54668,0.37235
Saint Kitts and Nevis ,72.0,0.44923,0.06349,0.11153,0.98,0.25616,78.0,0.4814,0.15909,0.28093,0.89562,0.27367,75.0,0.46913,0.01428,0.10158,0.88746,0.4295,81,0.52719,0.0526,0.183,0.83381,0.56477,90,0.49795,0.11764,0.13385,0.7279,0.63209,94,0.50345,0.27119,0.28261,0.69759,0.53015,71,0.6554,0.5843,0.5347,0.7491,0.6825,95,0.6352,0.3333,0.3941,0.8035,0.708,87,0.6775,0.2045,0.3307,0.8724,0.8293,110,0.63054,0.2055,0.30385,0.72021,0.86745
Saint Lucia ,74.0,0.44673,0.04761,0.28653,0.88,0.17366,80.0,0.4746,0.06818,0.28093,0.8812,0.26761,88.0,0.44705,0.02857,0.11111,0.88923,0.351,90,0.51222,0.1053,0.3464,0.80891,0.38136,104,0.45248,0.2745,0.24409,0.7133,0.40004,114,0.45306,0.23729,0.27536,0.6744,0.40942,119,0.466,0.2191,0.2847,0.7022,0.411,112,0.5444,0.3929,0.3824,0.7205,0.5302,114,0.558,0.4091,0.4007,0.7049,0.5683,133,0.52547,0.137,0.32292,0.60372,0.6498
Saint Vincent and the Grenadines ,88.0,0.40005,0.07936,0.25384,0.77,0.17632,98.0,0.4306,0.06818,0.26421,0.81705,0.21562,94.0,0.43553,0.01428,0.13015,0.81716,0.36853,85,0.51765,0.1053,0.31372,0.76957,0.46968,113,0.41578,0.15686,0.15748,0.7088,0.38104,115,0.44938,0.27119,0.2971,0.67544,0.3756,104,0.5306,0.5169,0.4514,0.682,0.4583,109,0.5605,0.4643,0.4706,0.7214,0.4894,107,0.5811,0.3864,0.4526,0.742,0.5486,117,0.58762,0.3425,0.39063,0.69557,0.67675
Samoa ,91.0,0.39769,0.01587,0.26538,0.89,0.03769,115.0,0.3761,0.06818,0.17725,0.90288,0.05432,115.0,0.37419,0.01428,0.14285,0.9049,0.08185,114,0.43576,0.0,0.28104,0.83353,0.19272,111,0.42039,0.39215,0.24409,0.7499,0.26723,121,0.40192,0.30508,0.34058,0.70757,0.1576,128,0.4236,0.264,0.3403,0.7241,0.2064,149,0.4219,0.25,0.2647,0.7414,0.2596,152,0.4207,0.2727,0.3592,0.747,0.1558,140,0.4899,0.3014,0.36378,0.64531,0.46065
San Marino ,124.0,0.31095,0.01587,0.28461,0.0,0.64823,183.0,0.0,0.02272,0.20066,0.0,0.59884,184.0,0.0,0.01428,0.18412,0.0,0.53296,52,0.63046,0.0,0.29411,0.91786,0.6794,62,0.58225,0.19607,0.27559,0.8354,0.63577,78,0.5506,0.13559,0.23913,0.79992,0.61276,76,0.6471,0.2584,0.4236,0.8102,0.7075,96,0.6175,0.3095,0.2824,0.7549,0.8153,90,0.6454,0.1705,0.3788,0.7466,0.811,102,0.65509,0.1233,0.35754,0.65866,0.94912
Sao Tome and Principe ,135.0,0.28373,0.0,0.01153,0.76,0.07967,130.0,0.3215,0.06818,0.11371,0.78327,0.07365,128.0,0.32582,0.01428,0.08888,0.81306,0.0827,138,0.33273,0.0263,0.11764,0.74318,0.13736,169,0.22179,0.0196,0.00787,0.5177,0.13976,168,0.239,0.0678,0.04348,0.51883,0.15469,154,0.3424,0.1573,0.1389,0.583,0.3053,155,0.4074,0.2024,0.2471,0.6736,0.3015,154,0.4138,0.0455,0.2435,0.6759,0.3218,154,0.43078,0.1644,0.21557,0.59285,0.48394
Saudi Arabia ,80.0,0.41049,0.06349,0.37692,0.71,0.14454,70.0,0.4935,0.31818,0.46488,0.8056,0.211,58.0,0.51424,0.1,0.31111,0.83463,0.40313,41,0.66581,0.6316,0.79738,0.76774,0.43232,36,0.69001,0.56862,0.77165,0.7461,0.55227,44,0.68224,0.71186,0.67391,0.79946,0.57334,52,0.7119,0.7135,0.7917,0.8101,0.5339,43,0.7991,0.7143,0.6882,0.8648,0.8442,31,0.8539,0.6932,0.822,0.8662,0.8735,6,0.96022,0.9589,0.98995,0.90666,0.98411
Senegal ,153.0,0.22378,0.03174,0.25384,0.39,0.0275,153.0,0.2531,0.20454,0.30769,0.39397,0.05585,163.0,0.22414,0.01428,0.17777,0.425,0.07107,163,0.26726,0.2105,0.3464,0.32707,0.1283,151,0.26657,0.35294,0.30708,0.3283,0.16437,144,0.32505,0.38983,0.37681,0.40252,0.19581,150,0.3486,0.5056,0.4792,0.3427,0.224,150,0.421,0.4405,0.4941,0.3332,0.4358,143,0.4479,0.3409,0.4934,0.3478,0.5025,135,0.51625,0.4247,0.47789,0.33804,0.73285
Serbia,156.0,0.19596,0.04761,0.44615,0.0,0.14173,77.0,0.4828,0.06818,0.35117,0.89105,0.21002,81.0,0.4585,0.04285,0.22222,0.891,0.26946,51,0.63119,0.2368,0.57516,0.84835,0.47006,69,0.54715,0.41176,0.3937,0.7796,0.46814,39,0.71308,0.83051,0.81884,0.77695,0.54344,49,0.7155,0.8146,0.7361,0.7896,0.6208,58,0.7474,0.8214,0.7941,0.828,0.62,40,0.8237,0.8068,0.8514,0.8332,0.7865,39,0.86184,0.8904,0.85397,0.80941,0.92206
Seychelles ,63.0,0.48835,0.04761,0.33076,0.9,0.23428,69.0,0.4942,0.11363,0.301,0.88636,0.30108,104.0,0.41792,0.04285,0.05714,0.90386,0.30369,84,0.51915,0.0789,0.33333,0.82044,0.40368,81,0.51126,0.2549,0.3307,0.731,0.47206,86,0.5181,0.40678,0.4058,0.68608,0.46243,83,0.6163,0.6461,0.6181,0.7299,0.5008,76,0.692,0.5714,0.6176,0.766,0.6925,85,0.6793,0.2273,0.4424,0.7758,0.8198,92,0.67733,0.3014,0.4638,0.67688,0.89126
Singapore ,7.0,0.8503,0.98412,0.99615,0.91,0.64477,23.0,0.7009,0.63636,0.61204,0.90799,0.58534,11.0,0.7476,0.68571,0.68571,0.92033,0.63863,10,0.84742,0.9474,1.0,0.84996,0.69229,3,0.90762,0.90196,0.99212,0.8515,0.87927,4,0.8828,0.91525,0.97101,0.83598,0.84141,7,0.8812,0.9663,0.9861,0.8557,0.8019,11,0.915,0.9762,0.9647,0.8904,0.8899,12,0.9133,0.9773,0.962,0.9021,0.8758,3,0.96912,0.9589,0.98306,0.93615,0.98806
Slovakia ,36.0,0.58867,0.1746,0.53846,0.91,0.31756,38.0,0.5889,0.06818,0.47491,0.9211,0.37415,43.0,0.56387,0.07142,0.34603,0.931,0.42118,53,0.62918,0.1316,0.50326,0.86957,0.5147,51,0.61478,0.62745,0.48818,0.8265,0.52963,67,0.59154,0.54237,0.44203,0.78223,0.55036,49,0.7155,0.809,0.7361,0.8141,0.5964,48,0.7817,0.7024,0.7176,0.8286,0.7988,47,0.8008,0.4659,0.726,0.8436,0.8328,60,0.80214,0.6986,0.70969,0.79823,0.89851
